X ; page web bn:00080778n ; navigateur bn:00013447n ; serveur web bn:02705179n ; fichier bn:00021475n ; client bn:00019764n ; base de donnée bn:00025333n ; donnée bn:00025314n ; php bn:01753580n ; code bn:00020354n ; texte bn:00076732n ; concerner bn:00083240v ; commentaire bn:00020978n ; délimiter bn:00086464v ; fois bn:00032768n ; url bn:00079080n ; case à cocher bn:03157691n ; post bn:01500184n ; nombre bn:00058285n ; text bn:14981519n ; langage bn:00049910n ; utilisateur bn:00079373n ; case bn:04777941n ; associer bn:00082868v ; personne bn:00046516n ; méthode post bn:00045088n ; fermeture bn:16858148n ; machine bn:00054050n ; mysql bn:01225760n ; salaire bn:15928884n ; jour bn:00000086n ; site bn:00047172n ; chaîne bn:00074685n ; header bn:00043309n ; moteur bn:00030850n ; paris bn:00015540n ; langage de script bn:01431715n ; côté serveur bn:03816678n ; opérateur bn:16281811n ; super bn:17336345n ; type bn:00016413n ; foreach bn:03463379n ; cle bn:04756252n ; serveur bn:00044916n ; interpréter bn:00089840v ; transaction bn:01403911n ; côté client bn:03163702n ; classes bn:03608262n ; bienvenue bn:00080852n ; class bn:03598962n ; mot bn:00081546n ; méthode bn:01641329n ; session bn:03751534n ; visiteur bn:03106425n ; afficher bn:00087013v ; pouvoir bn:00084451v ; mysqli bn:01438356n ; france bn:00036202n ; list bn:04720346n ; timestamp bn:03603649n ; accéder bn:00082209v
page web bn:00080778n ; 1 ; 0.5 ; 0.333333 ; 0.2 ; 0.1 ; 0.181818 ; 0.125 ; 0.2 ; 0.333333 ; 1 ; 1 ; 0.333333 ; 0.5 ; 0.333333 ; 0.333333 ; 0.333333 ; 0.333333 ; 0.285714 ; 0.2 ; 0.333333 ; 1 ; 0.333333 ; 1 ; 1 ; 0.2 ; 0.333333 ; 1 ; 1 ; 1 ; 0.333333 ; 0.2 ; 0.333333 ; 0.333333 ; 0.333333 ; 0.333333 ; 0.2 ; 0.333333 ; 0.333333 ; 0.333333 ; 0.333333 ; 0.333333 ; 0.333333 ; 0.333333 ; 0.333333 ; 0.333333 ; 0.333333 ; 0.333333 ; 0.333333 ; 0.333333 ; 0.333333 ; 0.333333 ; 0.333333 ; 0.333333 ; 0.333333 ; 0.333333 ; 0.333333 ; 0.333333 ; 0.333333 ; 0.333333 ; 0.333333
navigateur bn:00013447n ; 0.5 ; 1 ; 0.5 ; 0.142857 ; 0.181818 ; 0.363636 ; 0.222222 ; 0.142857 ; 0.2 ; 0.5 ; 0.5 ; 0.2 ; 0.333333 ; 0.2 ; 0.2 ; 0.2 ; 0.2 ; 0.222222 ; 0.142857 ; 0.2 ; 0.5 ; 0.2 ; 0.5 ; 0.5 ; 0.333333 ; 0.2 ; 0.5 ; 0.5 ; 0.5 ; 0.2 ; 0.142857 ; 0.2 ; 0.2 ; 0.2 ; 0.2 ; 0.142857 ; 0.2 ; 0.2 ; 0.2 ; 0.2 ; 0.2 ; 0.2 ; 0.2 ; 0.2 ; 0.2 ; 0.2 ; 0.2 ; 0.2 ; 0.2 ; 0.2 ; 0.5 ; 0.2 ; 0.2 ; 0.2 ; 0.2 ; 0.2 ; 0.2 ; 0.2 ; 0.2 ; 0.2
serveur web bn:02705179n ; 0.333333 ; 0.5 ; 1 ; 0.2 ; 0.222222 ; 0.181818 ; 0.285714 ; 0.2 ; 0.333333 ; 0.333333 ; 0.333333 ; 0.333333 ; 0.2 ; 0.333333 ; 0.333333 ; 0.333333 ; 0.333333 ; 0.125 ; 0.2 ; 0.333333 ; 0.333333 ; 0.333333 ; 0.333333 ; 0.333333 ; 0.5 ; 0.333333 ; 0.333333 ; 0.333333 ; 0.333333 ; 0.333333 ; 0.2 ; 0.333333 ; 0.333333 ; 0.333333 ; 0.333333 ; 0.2 ; 0.333333 ; 0.333333 ; 0.333333 ; 0.333333 ; 0.333333 ; 0.333333 ; 0.333333 ; 0.333333 ; 0.333333 ; 0.333333 ; 0.333333 ; 0.333333 ; 0.333333 ; 0.333333 ; 1 ; 0.333333 ; 0.333333 ; 0.333333 ; 0.333333 ; 0.333333 ; 0.333333 ; 0.333333 ; 0.333333 ; 0.333333
fichier bn:00021475n ; 0.2 ; 0.142857 ; 0.2 ; 1 ; 0.181818 ; 0.0714286 ; 0.1 ; 0.333333 ; 0.2 ; 0.2 ; 0.2 ; 0.5 ; 0.333333 ; 0.2 ; 0.2 ; 0.5 ; 0.2 ; 0.222222 ; 0.142857 ; 0.2 ; 0.2 ; 0.2 ; 0.2 ; 0.2 ; 0.333333 ; 0.2 ; 0.2 ; 0.2 ; 0.2 ; 0.2 ; 0.142857 ; 0.2 ; 0.2 ; 0.2 ; 0.2 ; 0.333333 ; 0.5 ; 0.2 ; 0.2 ; 0.2 ; 0.2 ; 0.2 ; 0.5 ; 0.5 ; 0.2 ; 0.5 ; 0.2 ; 0.2 ; 0.2 ; 0.2 ; 0.2 ; 0.2 ; 0.2 ; 0.2 ; 0.2 ; 0.2 ; 0.2 ; 0.5 ; 0.2 ; 0.2
client bn:00019764n ; 0.1 ; 0.181818 ; 0.222222 ; 0.181818 ; 1 ; 0.25 ; 0.333333 ; 0.444444 ; 0.222222 ; 0.1 ; 0.1 ; 0.222222 ; 0.181818 ; 0.222222 ; 0.222222 ; 0.222222 ; 0.222222 ; 0.142857 ; 0.181818 ; 0.222222 ; 0.1 ; 0.222222 ; 0.1 ; 0.1 ; 0.181818 ; 0.222222 ; 0.1 ; 0.1 ; 0.1 ; 0.222222 ; 0.444444 ; 0.222222 ; 0.222222 ; 0.1 ; 0.222222 ; 0.0833333 ; 0.222222 ; 0.222222 ; 0.222222 ; 0.1 ; 0.222222 ; 0.222222 ; 0.222222 ; 0.222222 ; 0.1 ; 0.222222 ; 0.222222 ; 0.222222 ; 0.222222 ; 0.1 ; 0.222222 ; 0.222222 ; 0.1 ; 0.1 ; 0.1 ; 0.222222 ; 0.222222 ; 0.1 ; 0.222222 ; 0.222222
base de donnée bn:00025333n ; 0.181818 ; 0.363636 ; 0.181818 ; 0.0714286 ; 0.25 ; 1 ; 0.636364 ; 0.153846 ; 0.181818 ; 0.181818 ; 0.181818 ; 0.0833333 ; 0.153846 ; 0.181818 ; 0.0833333 ; 0.0833333 ; 0.181818 ; 0.285714 ; 0.363636 ; 0.0833333 ; 0.181818 ; 0.0833333 ; 0.181818 ; 0.181818 ; 0.153846 ; 0.0833333 ; 0.181818 ; 0.181818 ; 0.181818 ; 0.181818 ; 0.153846 ; 0.0833333 ; 0.0833333 ; 0.181818 ; 0.181818 ; 0.153846 ; 0.0833333 ; 0.181818 ; 0.0833333 ; 0.181818 ; 0.181818 ; 0.181818 ; 0.0833333 ; 0.0833333 ; 0.181818 ; 0.0833333 ; 0.181818 ; 0.181818 ; 0.181818 ; 0.181818 ; 0.181818 ; 0.0833333 ; 0.181818 ; 0.181818 ; 0.181818 ; 0.181818 ; 0.0833333 ; 0.0833333 ; 0.0833333 ; 0.0833333
donnée bn:00025314n ; 0.125 ; 0.222222 ; 0.285714 ; 0.1 ; 0.333333 ; 0.636364 ; 1 ; 0.222222 ; 0.285714 ; 0.125 ; 0.125 ; 0.125 ; 0.1 ; 0.285714 ; 0.125 ; 0.125 ; 0.285714 ; 0.166667 ; 0.571429 ; 0.125 ; 0.125 ; 0.125 ; 0.125 ; 0.125 ; 0.222222 ; 0.125 ; 0.125 ; 0.125 ; 0.125 ; 0.285714 ; 0.222222 ; 0.125 ; 0.125 ; 0.285714 ; 0.285714 ; 0.222222 ; 0.125 ; 0.285714 ; 0.125 ; 0.285714 ; 0.285714 ; 0.285714 ; 0.125 ; 0.125 ; 0.285714 ; 0.125 ; 0.285714 ; 0.285714 ; 0.285714 ; 0.285714 ; 0.285714 ; 0.125 ; 0.285714 ; 0.285714 ; 0.285714 ; 0.285714 ; 0.125 ; 0.125 ; 0.125 ; 0.125
php bn:01753580n ; 0.2 ; 0.142857 ; 0.2 ; 0.333333 ; 0.444444 ; 0.153846 ; 0.222222 ; 1 ; 0.5 ; 0.2 ; 0.2 ; 0.5 ; 0.333333 ; 0.5 ; 0.2 ; 0.5 ; 0.5 ; 0.222222 ; 0.333333 ; 0.2 ; 0.2 ; 0.2 ; 0.2 ; 0.2 ; 0.142857 ; 0.2 ; 0.2 ; 0.2 ; 0.2 ; 0.5 ; 0.333333 ; 0.2 ; 0.2 ; 0.2 ; 0.5 ; 0.142857 ; 0.5 ; 0.5 ; 0.2 ; 0.2 ; 0.5 ; 0.5 ; 0.5 ; 0.5 ; 0.2 ; 0.5 ; 0.5 ; 0.5 ; 0.5 ; 0.2 ; 0.2 ; 0.2 ; 0.2 ; 0.2 ; 0.2 ; 0.5 ; 0.2 ; 0.2 ; 0.2 ; 0.2
code bn:00020354n ; 0.333333 ; 0.2 ; 0.333333 ; 0.2 ; 0.222222 ; 0.181818 ; 0.285714 ; 0.5 ; 1 ; 0.333333 ; 0.333333 ; 0.333333 ; 0.2 ; 1 ; 0.333333 ; 0.333333 ; 1 ; 0.125 ; 0.5 ; 0.333333 ; 0.333333 ; 0.333333 ; 0.333333 ; 0.333333 ; 0.2 ; 0.333333 ; 0.333333 ; 0.333333 ; 0.333333 ; 1 ; 0.5 ; 0.333333 ; 0.333333 ; 0.333333 ; 1 ; 0.2 ; 0.333333 ; 1 ; 0.333333 ; 0.333333 ; 1 ; 1 ; 0.333333 ; 0.333333 ; 0.333333 ; 0.333333 ; 1 ; 1 ; 1 ; 0.333333 ; 0.333333 ; 0.333333 ; 0.333333 ; 0.333333 ; 0.333333 ; 1 ; 0.333333 ; 0.333333 ; 0.333333 ; 0.333333
texte bn:00076732n ; 1 ; 0.5 ; 0.333333 ; 0.2 ; 0.1 ; 0.181818 ; 0.125 ; 0.2 ; 0.333333 ; 1 ; 1 ; 0.333333 ; 0.5 ; 0.333333 ; 0.333333 ; 0.333333 ; 0.333333 ; 0.285714 ; 0.2 ; 0.333333 ; 1 ; 0.333333 ; 1 ; 1 ; 0.2 ; 0.333333 ; 1 ; 1 ; 1 ; 0.333333 ; 0.2 ; 0.333333 ; 0.333333 ; 0.333333 ; 0.333333 ; 0.2 ; 0.333333 ; 0.333333 ; 0.333333 ; 0.333333 ; 0.333333 ; 0.333333 ; 0.333333 ; 0.333333 ; 0.333333 ; 0.333333 ; 0.333333 ; 0.333333 ; 0.333333 ; 0.333333 ; 0.333333 ; 0.333333 ; 0.333333 ; 0.333333 ; 0.333333 ; 0.333333 ; 0.333333 ; 0.333333 ; 0.333333 ; 0.333333
concerner bn:00083240v ; 1 ; 0.5 ; 0.333333 ; 0.2 ; 0.1 ; 0.181818 ; 0.125 ; 0.2 ; 0.333333 ; 1 ; 1 ; 0.333333 ; 0.5 ; 0.333333 ; 0.333333 ; 0.333333 ; 0.333333 ; 0.285714 ; 0.2 ; 0.333333 ; 1 ; 0.333333 ; 1 ; 1 ; 0.2 ; 0.333333 ; 1 ; 1 ; 1 ; 0.333333 ; 0.2 ; 0.333333 ; 0.333333 ; 0.333333 ; 0.333333 ; 0.2 ; 0.333333 ; 0.333333 ; 0.333333 ; 0.333333 ; 0.333333 ; 0.333333 ; 0.333333 ; 0.333333 ; 0.333333 ; 0.333333 ; 0.333333 ; 0.333333 ; 0.333333 ; 0.333333 ; 0.333333 ; 0.333333 ; 0.333333 ; 0.333333 ; 0.333333 ; 0.333333 ; 0.333333 ; 0.333333 ; 0.333333 ; 0.333333
commentaire bn:00020978n ; 0.333333 ; 0.2 ; 0.333333 ; 0.5 ; 0.222222 ; 0.0833333 ; 0.125 ; 0.5 ; 0.333333 ; 0.333333 ; 0.333333 ; 1 ; 0.5 ; 0.333333 ; 0.333333 ; 1 ; 0.333333 ; 0.285714 ; 0.2 ; 0.333333 ; 0.333333 ; 0.333333 ; 0.333333 ; 0.333333 ; 0.2 ; 0.333333 ; 0.333333 ; 0.333333 ; 0.333333 ; 0.333333 ; 0.2 ; 0.333333 ; 0.333333 ; 0.333333 ; 0.333333 ; 0.2 ; 1 ; 0.333333 ; 0.333333 ; 0.333333 ; 0.333333 ; 0.333333 ; 1 ; 1 ; 0.333333 ; 1 ; 0.333333 ; 0.333333 ; 0.333333 ; 0.333333 ; 0.333333 ; 0.333333 ; 0.333333 ; 0.333333 ; 0.333333 ; 0.333333 ; 0.333333 ; 0.333333 ; 0.333333 ; 0.333333
délimiter bn:00086464v ; 0.5 ; 0.333333 ; 0.2 ; 0.333333 ; 0.181818 ; 0.153846 ; 0.1 ; 0.333333 ; 0.2 ; 0.5 ; 0.5 ; 0.5 ; 1 ; 0.2 ; 0.2 ; 0.5 ; 0.2 ; 0.571429 ; 0.142857 ; 0.2 ; 0.5 ; 0.2 ; 0.5 ; 0.5 ; 0.142857 ; 0.2 ; 0.5 ; 0.5 ; 0.5 ; 0.2 ; 0.142857 ; 0.2 ; 0.2 ; 0.2 ; 0.2 ; 0.142857 ; 0.5 ; 0.2 ; 0.2 ; 0.2 ; 0.2 ; 0.2 ; 0.5 ; 0.5 ; 0.2 ; 0.5 ; 0.2 ; 0.2 ; 0.2 ; 0.2 ; 0.2 ; 0.2 ; 0.2 ; 0.2 ; 0.2 ; 0.2 ; 0.2 ; 0.2 ; 0.2 ; 0.2
fois bn:00032768n ; 0.333333 ; 0.2 ; 0.333333 ; 0.2 ; 0.222222 ; 0.181818 ; 0.285714 ; 0.5 ; 1 ; 0.333333 ; 0.333333 ; 0.333333 ; 0.2 ; 1 ; 0.333333 ; 0.333333 ; 1 ; 0.125 ; 0.5 ; 0.333333 ; 0.333333 ; 0.333333 ; 0.333333 ; 0.333333 ; 0.2 ; 0.333333 ; 0.333333 ; 0.333333 ; 0.333333 ; 1 ; 0.5 ; 0.333333 ; 0.333333 ; 0.333333 ; 1 ; 0.2 ; 0.333333 ; 1 ; 0.333333 ; 0.333333 ; 1 ; 1 ; 0.333333 ; 0.333333 ; 0.333333 ; 0.333333 ; 1 ; 1 ; 1 ; 0.333333 ; 0.333333 ; 0.333333 ; 0.333333 ; 0.333333 ; 0.333333 ; 1 ; 0.333333 ; 0.333333 ; 0.333333 ; 0.333333
url bn:00079080n ; 0.333333 ; 0.2 ; 0.333333 ; 0.2 ; 0.222222 ; 0.0833333 ; 0.125 ; 0.2 ; 0.333333 ; 0.333333 ; 0.333333 ; 0.333333 ; 0.2 ; 0.333333 ; 1 ; 0.333333 ; 0.333333 ; 0.125 ; 0.2 ; 1 ; 0.333333 ; 1 ; 0.333333 ; 0.333333 ; 0.2 ; 1 ; 0.333333 ; 0.333333 ; 0.333333 ; 0.333333 ; 0.5 ; 1 ; 1 ; 0.333333 ; 0.333333 ; 0.2 ; 0.333333 ; 0.333333 ; 1 ; 0.333333 ; 0.333333 ; 0.333333 ; 0.333333 ; 0.333333 ; 0.333333 ; 0.333333 ; 0.333333 ; 0.333333 ; 0.333333 ; 0.333333 ; 0.333333 ; 1 ; 0.333333 ; 0.333333 ; 0.333333 ; 0.333333 ; 1 ; 0.333333 ; 1 ; 1
case à cocher bn:03157691n ; 0.333333 ; 0.2 ; 0.333333 ; 0.5 ; 0.222222 ; 0.0833333 ; 0.125 ; 0.5 ; 0.333333 ; 0.333333 ; 0.333333 ; 1 ; 0.5 ; 0.333333 ; 0.333333 ; 1 ; 0.333333 ; 0.285714 ; 0.2 ; 0.333333 ; 0.333333 ; 0.333333 ; 0.333333 ; 0.333333 ; 0.2 ; 0.333333 ; 0.333333 ; 0.333333 ; 0.333333 ; 0.333333 ; 0.2 ; 0.333333 ; 0.333333 ; 0.333333 ; 0.333333 ; 0.2 ; 1 ; 0.333333 ; 0.333333 ; 0.333333 ; 0.333333 ; 0.333333 ; 1 ; 1 ; 0.333333 ; 1 ; 0.333333 ; 0.333333 ; 0.333333 ; 0.333333 ; 0.333333 ; 0.333333 ; 0.333333 ; 0.333333 ; 0.333333 ; 0.333333 ; 0.333333 ; 0.333333 ; 0.333333 ; 0.333333
post bn:01500184n ; 0.333333 ; 0.2 ; 0.333333 ; 0.2 ; 0.222222 ; 0.181818 ; 0.285714 ; 0.5 ; 1 ; 0.333333 ; 0.333333 ; 0.333333 ; 0.2 ; 1 ; 0.333333 ; 0.333333 ; 1 ; 0.125 ; 0.5 ; 0.333333 ; 0.333333 ; 0.333333 ; 0.333333 ; 0.333333 ; 0.2 ; 0.333333 ; 0.333333 ; 0.333333 ; 0.333333 ; 1 ; 0.5 ; 0.333333 ; 0.333333 ; 0.333333 ; 1 ; 0.2 ; 0.333333 ; 1 ; 0.333333 ; 0.333333 ; 1 ; 1 ; 0.333333 ; 0.333333 ; 0.333333 ; 0.333333 ; 1 ; 1 ; 1 ; 0.333333 ; 0.333333 ; 0.333333 ; 0.333333 ; 0.333333 ; 0.333333 ; 1 ; 0.333333 ; 0.333333 ; 0.333333 ; 0.333333
nombre bn:00058285n ; 0.285714 ; 0.222222 ; 0.125 ; 0.222222 ; 0.142857 ; 0.285714 ; 0.166667 ; 0.222222 ; 0.125 ; 0.285714 ; 0.285714 ; 0.285714 ; 0.571429 ; 0.125 ; 0.125 ; 0.285714 ; 0.125 ; 1 ; 0.222222 ; 0.125 ; 0.285714 ; 0.125 ; 0.285714 ; 0.285714 ; 0.1 ; 0.125 ; 0.285714 ; 0.285714 ; 0.285714 ; 0.125 ; 0.1 ; 0.125 ; 0.125 ; 0.285714 ; 0.125 ; 0.222222 ; 0.285714 ; 0.125 ; 0.125 ; 0.285714 ; 0.125 ; 0.125 ; 0.285714 ; 0.285714 ; 0.285714 ; 0.285714 ; 0.125 ; 0.125 ; 0.125 ; 0.285714 ; 0.125 ; 0.125 ; 0.285714 ; 0.285714 ; 0.285714 ; 0.125 ; 0.125 ; 0.125 ; 0.125 ; 0.125
text bn:14981519n ; 0.2 ; 0.142857 ; 0.2 ; 0.142857 ; 0.181818 ; 0.363636 ; 0.571429 ; 0.333333 ; 0.5 ; 0.2 ; 0.2 ; 0.2 ; 0.142857 ; 0.5 ; 0.2 ; 0.2 ; 0.5 ; 0.222222 ; 1 ; 0.2 ; 0.2 ; 0.2 ; 0.2 ; 0.2 ; 0.142857 ; 0.2 ; 0.2 ; 0.2 ; 0.2 ; 0.5 ; 0.333333 ; 0.2 ; 0.2 ; 0.5 ; 0.5 ; 0.333333 ; 0.2 ; 0.5 ; 0.2 ; 0.5 ; 0.5 ; 0.5 ; 0.2 ; 0.2 ; 0.5 ; 0.2 ; 0.5 ; 0.5 ; 0.5 ; 0.5 ; 0.2 ; 0.2 ; 0.5 ; 0.5 ; 0.5 ; 0.5 ; 0.2 ; 0.2 ; 0.2 ; 0.2
langage bn:00049910n ; 0.333333 ; 0.2 ; 0.333333 ; 0.2 ; 0.222222 ; 0.0833333 ; 0.125 ; 0.2 ; 0.333333 ; 0.333333 ; 0.333333 ; 0.333333 ; 0.2 ; 0.333333 ; 1 ; 0.333333 ; 0.333333 ; 0.125 ; 0.2 ; 1 ; 0.333333 ; 1 ; 0.333333 ; 0.333333 ; 0.2 ; 1 ; 0.333333 ; 0.333333 ; 0.333333 ; 0.333333 ; 0.5 ; 1 ; 1 ; 0.333333 ; 0.333333 ; 0.2 ; 0.333333 ; 0.333333 ; 1 ; 0.333333 ; 0.333333 ; 0.333333 ; 0.333333 ; 0.333333 ; 0.333333 ; 0.333333 ; 0.333333 ; 0.333333 ; 0.333333 ; 0.333333 ; 0.333333 ; 1 ; 0.333333 ; 0.333333 ; 0.333333 ; 0.333333 ; 1 ; 0.333333 ; 1 ; 1
utilisateur bn:00079373n ; 1 ; 0.5 ; 0.333333 ; 0.2 ; 0.1 ; 0.181818 ; 0.125 ; 0.2 ; 0.333333 ; 1 ; 1 ; 0.333333 ; 0.5 ; 0.333333 ; 0.333333 ; 0.333333 ; 0.333333 ; 0.285714 ; 0.2 ; 0.333333 ; 1 ; 0.333333 ; 1 ; 1 ; 0.2 ; 0.333333 ; 1 ; 1 ; 1 ; 0.333333 ; 0.2 ; 0.333333 ; 0.333333 ; 0.333333 ; 0.333333 ; 0.2 ; 0.333333 ; 0.333333 ; 0.333333 ; 0.333333 ; 0.333333 ; 0.333333 ; 0.333333 ; 0.333333 ; 0.333333 ; 0.333333 ; 0.333333 ; 0.333333 ; 0.333333 ; 0.333333 ; 0.333333 ; 0.333333 ; 0.333333 ; 0.333333 ; 0.333333 ; 0.333333 ; 0.333333 ; 0.333333 ; 0.333333 ; 0.333333
case bn:04777941n ; 0.333333 ; 0.2 ; 0.333333 ; 0.2 ; 0.222222 ; 0.0833333 ; 0.125 ; 0.2 ; 0.333333 ; 0.333333 ; 0.333333 ; 0.333333 ; 0.2 ; 0.333333 ; 1 ; 0.333333 ; 0.333333 ; 0.125 ; 0.2 ; 1 ; 0.333333 ; 1 ; 0.333333 ; 0.333333 ; 0.2 ; 1 ; 0.333333 ; 0.333333 ; 0.333333 ; 0.333333 ; 0.5 ; 1 ; 1 ; 0.333333 ; 0.333333 ; 0.2 ; 0.333333 ; 0.333333 ; 1 ; 0.333333 ; 0.333333 ; 0.333333 ; 0.333333 ; 0.333333 ; 0.333333 ; 0.333333 ; 0.333333 ; 0.333333 ; 0.333333 ; 0.333333 ; 0.333333 ; 1 ; 0.333333 ; 0.333333 ; 0.333333 ; 0.333333 ; 1 ; 0.333333 ; 1 ; 1
associer bn:00082868v ; 1 ; 0.5 ; 0.333333 ; 0.2 ; 0.1 ; 0.181818 ; 0.125 ; 0.2 ; 0.333333 ; 1 ; 1 ; 0.333333 ; 0.5 ; 0.333333 ; 0.333333 ; 0.333333 ; 0.333333 ; 0.285714 ; 0.2 ; 0.333333 ; 1 ; 0.333333 ; 1 ; 1 ; 0.2 ; 0.333333 ; 1 ; 1 ; 1 ; 0.333333 ; 0.2 ; 0.333333 ; 0.333333 ; 0.333333 ; 0.333333 ; 0.2 ; 0.333333 ; 0.333333 ; 0.333333 ; 0.333333 ; 0.333333 ; 0.333333 ; 0.333333 ; 0.333333 ; 0.333333 ; 0.333333 ; 0.333333 ; 0.333333 ; 0.333333 ; 0.333333 ; 0.333333 ; 0.333333 ; 0.333333 ; 0.333333 ; 0.333333 ; 0.333333 ; 0.333333 ; 0.333333 ; 0.333333 ; 0.333333
personne bn:00046516n ; 1 ; 0.5 ; 0.333333 ; 0.2 ; 0.1 ; 0.181818 ; 0.125 ; 0.2 ; 0.333333 ; 1 ; 1 ; 0.333333 ; 0.5 ; 0.333333 ; 0.333333 ; 0.333333 ; 0.333333 ; 0.285714 ; 0.2 ; 0.333333 ; 1 ; 0.333333 ; 1 ; 1 ; 0.2 ; 0.333333 ; 1 ; 1 ; 1 ; 0.333333 ; 0.2 ; 0.333333 ; 0.333333 ; 0.333333 ; 0.333333 ; 0.2 ; 0.333333 ; 0.333333 ; 0.333333 ; 0.333333 ; 0.333333 ; 0.333333 ; 0.333333 ; 0.333333 ; 0.333333 ; 0.333333 ; 0.333333 ; 0.333333 ; 0.333333 ; 0.333333 ; 0.333333 ; 0.333333 ; 0.333333 ; 0.333333 ; 0.333333 ; 0.333333 ; 0.333333 ; 0.333333 ; 0.333333 ; 0.333333
méthode post bn:00045088n ; 0.2 ; 0.333333 ; 0.5 ; 0.333333 ; 0.181818 ; 0.153846 ; 0.222222 ; 0.142857 ; 0.2 ; 0.2 ; 0.2 ; 0.2 ; 0.142857 ; 0.2 ; 0.2 ; 0.2 ; 0.2 ; 0.1 ; 0.142857 ; 0.2 ; 0.2 ; 0.2 ; 0.2 ; 0.2 ; 1 ; 0.2 ; 0.2 ; 0.2 ; 0.2 ; 0.2 ; 0.142857 ; 0.2 ; 0.2 ; 0.2 ; 0.2 ; 0.333333 ; 0.2 ; 0.2 ; 0.2 ; 0.2 ; 0.2 ; 0.2 ; 0.2 ; 0.2 ; 0.2 ; 0.2 ; 0.2 ; 0.2 ; 0.2 ; 0.2 ; 0.5 ; 0.2 ; 0.2 ; 0.2 ; 0.2 ; 0.2 ; 0.2 ; 0.5 ; 0.2 ; 0.2
fermeture bn:16858148n ; 0.333333 ; 0.2 ; 0.333333 ; 0.2 ; 0.222222 ; 0.0833333 ; 0.125 ; 0.2 ; 0.333333 ; 0.333333 ; 0.333333 ; 0.333333 ; 0.2 ; 0.333333 ; 1 ; 0.333333 ; 0.333333 ; 0.125 ; 0.2 ; 1 ; 0.333333 ; 1 ; 0.333333 ; 0.333333 ; 0.2 ; 1 ; 0.333333 ; 0.333333 ; 0.333333 ; 0.333333 ; 0.5 ; 1 ; 1 ; 0.333333 ; 0.333333 ; 0.2 ; 0.333333 ; 0.333333 ; 1 ; 0.333333 ; 0.333333 ; 0.333333 ; 0.333333 ; 0.333333 ; 0.333333 ; 0.333333 ; 0.333333 ; 0.333333 ; 0.333333 ; 0.333333 ; 0.333333 ; 1 ; 0.333333 ; 0.333333 ; 0.333333 ; 0.333333 ; 1 ; 0.333333 ; 1 ; 1
machine bn:00054050n ; 1 ; 0.5 ; 0.333333 ; 0.2 ; 0.1 ; 0.181818 ; 0.125 ; 0.2 ; 0.333333 ; 1 ; 1 ; 0.333333 ; 0.5 ; 0.333333 ; 0.333333 ; 0.333333 ; 0.333333 ; 0.285714 ; 0.2 ; 0.333333 ; 1 ; 0.333333 ; 1 ; 1 ; 0.2 ; 0.333333 ; 1 ; 1 ; 1 ; 0.333333 ; 0.2 ; 0.333333 ; 0.333333 ; 0.333333 ; 0.333333 ; 0.2 ; 0.333333 ; 0.333333 ; 0.333333 ; 0.333333 ; 0.333333 ; 0.333333 ; 0.333333 ; 0.333333 ; 0.333333 ; 0.333333 ; 0.333333 ; 0.333333 ; 0.333333 ; 0.333333 ; 0.333333 ; 0.333333 ; 0.333333 ; 0.333333 ; 0.333333 ; 0.333333 ; 0.333333 ; 0.333333 ; 0.333333 ; 0.333333
mysql bn:01225760n ; 1 ; 0.5 ; 0.333333 ; 0.2 ; 0.1 ; 0.181818 ; 0.125 ; 0.2 ; 0.333333 ; 1 ; 1 ; 0.333333 ; 0.5 ; 0.333333 ; 0.333333 ; 0.333333 ; 0.333333 ; 0.285714 ; 0.2 ; 0.333333 ; 1 ; 0.333333 ; 1 ; 1 ; 0.2 ; 0.333333 ; 1 ; 1 ; 1 ; 0.333333 ; 0.2 ; 0.333333 ; 0.333333 ; 0.333333 ; 0.333333 ; 0.2 ; 0.333333 ; 0.333333 ; 0.333333 ; 0.333333 ; 0.333333 ; 0.333333 ; 0.333333 ; 0.333333 ; 0.333333 ; 0.333333 ; 0.333333 ; 0.333333 ; 0.333333 ; 0.333333 ; 0.333333 ; 0.333333 ; 0.333333 ; 0.333333 ; 0.333333 ; 0.333333 ; 0.333333 ; 0.333333 ; 0.333333 ; 0.333333
salaire bn:15928884n ; 1 ; 0.5 ; 0.333333 ; 0.2 ; 0.1 ; 0.181818 ; 0.125 ; 0.2 ; 0.333333 ; 1 ; 1 ; 0.333333 ; 0.5 ; 0.333333 ; 0.333333 ; 0.333333 ; 0.333333 ; 0.285714 ; 0.2 ; 0.333333 ; 1 ; 0.333333 ; 1 ; 1 ; 0.2 ; 0.333333 ; 1 ; 1 ; 1 ; 0.333333 ; 0.2 ; 0.333333 ; 0.333333 ; 0.333333 ; 0.333333 ; 0.2 ; 0.333333 ; 0.333333 ; 0.333333 ; 0.333333 ; 0.333333 ; 0.333333 ; 0.333333 ; 0.333333 ; 0.333333 ; 0.333333 ; 0.333333 ; 0.333333 ; 0.333333 ; 0.333333 ; 0.333333 ; 0.333333 ; 0.333333 ; 0.333333 ; 0.333333 ; 0.333333 ; 0.333333 ; 0.333333 ; 0.333333 ; 0.333333
jour bn:00000086n ; 0.333333 ; 0.2 ; 0.333333 ; 0.2 ; 0.222222 ; 0.181818 ; 0.285714 ; 0.5 ; 1 ; 0.333333 ; 0.333333 ; 0.333333 ; 0.2 ; 1 ; 0.333333 ; 0.333333 ; 1 ; 0.125 ; 0.5 ; 0.333333 ; 0.333333 ; 0.333333 ; 0.333333 ; 0.333333 ; 0.2 ; 0.333333 ; 0.333333 ; 0.333333 ; 0.333333 ; 1 ; 0.5 ; 0.333333 ; 0.333333 ; 0.333333 ; 1 ; 0.2 ; 0.333333 ; 1 ; 0.333333 ; 0.333333 ; 1 ; 1 ; 0.333333 ; 0.333333 ; 0.333333 ; 0.333333 ; 1 ; 1 ; 1 ; 0.333333 ; 0.333333 ; 0.333333 ; 0.333333 ; 0.333333 ; 0.333333 ; 1 ; 0.333333 ; 0.333333 ; 0.333333 ; 0.333333
site bn:00047172n ; 0.2 ; 0.142857 ; 0.2 ; 0.142857 ; 0.444444 ; 0.153846 ; 0.222222 ; 0.333333 ; 0.5 ; 0.2 ; 0.2 ; 0.2 ; 0.142857 ; 0.5 ; 0.5 ; 0.2 ; 0.5 ; 0.1 ; 0.333333 ; 0.5 ; 0.2 ; 0.5 ; 0.2 ; 0.2 ; 0.142857 ; 0.5 ; 0.2 ; 0.2 ; 0.2 ; 0.5 ; 1 ; 0.5 ; 0.5 ; 0.2 ; 0.5 ; 0.142857 ; 0.2 ; 0.5 ; 0.5 ; 0.2 ; 0.5 ; 0.5 ; 0.2 ; 0.2 ; 0.2 ; 0.2 ; 0.5 ; 0.5 ; 0.5 ; 0.2 ; 0.2 ; 0.5 ; 0.2 ; 0.2 ; 0.2 ; 0.5 ; 0.5 ; 0.2 ; 0.5 ; 0.5
chaîne bn:00074685n ; 0.333333 ; 0.2 ; 0.333333 ; 0.2 ; 0.222222 ; 0.0833333 ; 0.125 ; 0.2 ; 0.333333 ; 0.333333 ; 0.333333 ; 0.333333 ; 0.2 ; 0.333333 ; 1 ; 0.333333 ; 0.333333 ; 0.125 ; 0.2 ; 1 ; 0.333333 ; 1 ; 0.333333 ; 0.333333 ; 0.2 ; 1 ; 0.333333 ; 0.333333 ; 0.333333 ; 0.333333 ; 0.5 ; 1 ; 1 ; 0.333333 ; 0.333333 ; 0.2 ; 0.333333 ; 0.333333 ; 1 ; 0.333333 ; 0.333333 ; 0.333333 ; 0.333333 ; 0.333333 ; 0.333333 ; 0.333333 ; 0.333333 ; 0.333333 ; 0.333333 ; 0.333333 ; 0.333333 ; 1 ; 0.333333 ; 0.333333 ; 0.333333 ; 0.333333 ; 1 ; 0.333333 ; 1 ; 1
header bn:00043309n ; 0.333333 ; 0.2 ; 0.333333 ; 0.2 ; 0.222222 ; 0.0833333 ; 0.125 ; 0.2 ; 0.333333 ; 0.333333 ; 0.333333 ; 0.333333 ; 0.2 ; 0.333333 ; 1 ; 0.333333 ; 0.333333 ; 0.125 ; 0.2 ; 1 ; 0.333333 ; 1 ; 0.333333 ; 0.333333 ; 0.2 ; 1 ; 0.333333 ; 0.333333 ; 0.333333 ; 0.333333 ; 0.5 ; 1 ; 1 ; 0.333333 ; 0.333333 ; 0.2 ; 0.333333 ; 0.333333 ; 1 ; 0.333333 ; 0.333333 ; 0.333333 ; 0.333333 ; 0.333333 ; 0.333333 ; 0.333333 ; 0.333333 ; 0.333333 ; 0.333333 ; 0.333333 ; 0.333333 ; 1 ; 0.333333 ; 0.333333 ; 0.333333 ; 0.333333 ; 1 ; 0.333333 ; 1 ; 1
moteur bn:00030850n ; 0.333333 ; 0.2 ; 0.333333 ; 0.2 ; 0.1 ; 0.181818 ; 0.285714 ; 0.2 ; 0.333333 ; 0.333333 ; 0.333333 ; 0.333333 ; 0.2 ; 0.333333 ; 0.333333 ; 0.333333 ; 0.333333 ; 0.285714 ; 0.5 ; 0.333333 ; 0.333333 ; 0.333333 ; 0.333333 ; 0.333333 ; 0.2 ; 0.333333 ; 0.333333 ; 0.333333 ; 0.333333 ; 0.333333 ; 0.2 ; 0.333333 ; 0.333333 ; 1 ; 0.333333 ; 0.5 ; 0.333333 ; 0.333333 ; 0.333333 ; 1 ; 0.333333 ; 0.333333 ; 0.333333 ; 0.333333 ; 1 ; 0.333333 ; 0.333333 ; 0.333333 ; 0.333333 ; 1 ; 0.333333 ; 0.333333 ; 1 ; 1 ; 1 ; 0.333333 ; 0.333333 ; 0.333333 ; 0.333333 ; 0.333333
paris bn:00015540n ; 0.333333 ; 0.2 ; 0.333333 ; 0.2 ; 0.222222 ; 0.181818 ; 0.285714 ; 0.5 ; 1 ; 0.333333 ; 0.333333 ; 0.333333 ; 0.2 ; 1 ; 0.333333 ; 0.333333 ; 1 ; 0.125 ; 0.5 ; 0.333333 ; 0.333333 ; 0.333333 ; 0.333333 ; 0.333333 ; 0.2 ; 0.333333 ; 0.333333 ; 0.333333 ; 0.333333 ; 1 ; 0.5 ; 0.333333 ; 0.333333 ; 0.333333 ; 1 ; 0.2 ; 0.333333 ; 1 ; 0.333333 ; 0.333333 ; 1 ; 1 ; 0.333333 ; 0.333333 ; 0.333333 ; 0.333333 ; 1 ; 1 ; 1 ; 0.333333 ; 0.333333 ; 0.333333 ; 0.333333 ; 0.333333 ; 0.333333 ; 1 ; 0.333333 ; 0.333333 ; 0.333333 ; 0.333333
langage de script bn:01431715n ; 0.2 ; 0.142857 ; 0.2 ; 0.333333 ; 0.0833333 ; 0.153846 ; 0.222222 ; 0.142857 ; 0.2 ; 0.2 ; 0.2 ; 0.2 ; 0.142857 ; 0.2 ; 0.2 ; 0.2 ; 0.2 ; 0.222222 ; 0.333333 ; 0.2 ; 0.2 ; 0.2 ; 0.2 ; 0.2 ; 0.333333 ; 0.2 ; 0.2 ; 0.2 ; 0.2 ; 0.2 ; 0.142857 ; 0.2 ; 0.2 ; 0.5 ; 0.2 ; 1 ; 0.2 ; 0.2 ; 0.2 ; 0.5 ; 0.2 ; 0.2 ; 0.2 ; 0.2 ; 0.5 ; 0.2 ; 0.2 ; 0.2 ; 0.2 ; 0.5 ; 0.2 ; 0.2 ; 0.5 ; 0.5 ; 0.5 ; 0.2 ; 0.2 ; 0.5 ; 0.2 ; 0.2
côté serveur bn:03816678n ; 0.333333 ; 0.2 ; 0.333333 ; 0.5 ; 0.222222 ; 0.0833333 ; 0.125 ; 0.5 ; 0.333333 ; 0.333333 ; 0.333333 ; 1 ; 0.5 ; 0.333333 ; 0.333333 ; 1 ; 0.333333 ; 0.285714 ; 0.2 ; 0.333333 ; 0.333333 ; 0.333333 ; 0.333333 ; 0.333333 ; 0.2 ; 0.333333 ; 0.333333 ; 0.333333 ; 0.333333 ; 0.333333 ; 0.2 ; 0.333333 ; 0.333333 ; 0.333333 ; 0.333333 ; 0.2 ; 1 ; 0.333333 ; 0.333333 ; 0.333333 ; 0.333333 ; 0.333333 ; 1 ; 1 ; 0.333333 ; 1 ; 0.333333 ; 0.333333 ; 0.333333 ; 0.333333 ; 0.333333 ; 0.333333 ; 0.333333 ; 0.333333 ; 0.333333 ; 0.333333 ; 0.333333 ; 0.333333 ; 0.333333 ; 0.333333
opérateur bn:16281811n ; 0.333333 ; 0.2 ; 0.333333 ; 0.2 ; 0.222222 ; 0.181818 ; 0.285714 ; 0.5 ; 1 ; 0.333333 ; 0.333333 ; 0.333333 ; 0.2 ; 1 ; 0.333333 ; 0.333333 ; 1 ; 0.125 ; 0.5 ; 0.333333 ; 0.333333 ; 0.333333 ; 0.333333 ; 0.333333 ; 0.2 ; 0.333333 ; 0.333333 ; 0.333333 ; 0.333333 ; 1 ; 0.5 ; 0.333333 ; 0.333333 ; 0.333333 ; 1 ; 0.2 ; 0.333333 ; 1 ; 0.333333 ; 0.333333 ; 1 ; 1 ; 0.333333 ; 0.333333 ; 0.333333 ; 0.333333 ; 1 ; 1 ; 1 ; 0.333333 ; 0.333333 ; 0.333333 ; 0.333333 ; 0.333333 ; 0.333333 ; 1 ; 0.333333 ; 0.333333 ; 0.333333 ; 0.333333
super bn:17336345n ; 0.333333 ; 0.2 ; 0.333333 ; 0.2 ; 0.222222 ; 0.0833333 ; 0.125 ; 0.2 ; 0.333333 ; 0.333333 ; 0.333333 ; 0.333333 ; 0.2 ; 0.333333 ; 1 ; 0.333333 ; 0.333333 ; 0.125 ; 0.2 ; 1 ; 0.333333 ; 1 ; 0.333333 ; 0.333333 ; 0.2 ; 1 ; 0.333333 ; 0.333333 ; 0.333333 ; 0.333333 ; 0.5 ; 1 ; 1 ; 0.333333 ; 0.333333 ; 0.2 ; 0.333333 ; 0.333333 ; 1 ; 0.333333 ; 0.333333 ; 0.333333 ; 0.333333 ; 0.333333 ; 0.333333 ; 0.333333 ; 0.333333 ; 0.333333 ; 0.333333 ; 0.333333 ; 0.333333 ; 1 ; 0.333333 ; 0.333333 ; 0.333333 ; 0.333333 ; 1 ; 0.333333 ; 1 ; 1
type bn:00016413n ; 0.333333 ; 0.2 ; 0.333333 ; 0.2 ; 0.1 ; 0.181818 ; 0.285714 ; 0.2 ; 0.333333 ; 0.333333 ; 0.333333 ; 0.333333 ; 0.2 ; 0.333333 ; 0.333333 ; 0.333333 ; 0.333333 ; 0.285714 ; 0.5 ; 0.333333 ; 0.333333 ; 0.333333 ; 0.333333 ; 0.333333 ; 0.2 ; 0.333333 ; 0.333333 ; 0.333333 ; 0.333333 ; 0.333333 ; 0.2 ; 0.333333 ; 0.333333 ; 1 ; 0.333333 ; 0.5 ; 0.333333 ; 0.333333 ; 0.333333 ; 1 ; 0.333333 ; 0.333333 ; 0.333333 ; 0.333333 ; 1 ; 0.333333 ; 0.333333 ; 0.333333 ; 0.333333 ; 1 ; 0.333333 ; 0.333333 ; 1 ; 1 ; 1 ; 0.333333 ; 0.333333 ; 0.333333 ; 0.333333 ; 0.333333
foreach bn:03463379n ; 0.333333 ; 0.2 ; 0.333333 ; 0.2 ; 0.222222 ; 0.181818 ; 0.285714 ; 0.5 ; 1 ; 0.333333 ; 0.333333 ; 0.333333 ; 0.2 ; 1 ; 0.333333 ; 0.333333 ; 1 ; 0.125 ; 0.5 ; 0.333333 ; 0.333333 ; 0.333333 ; 0.333333 ; 0.333333 ; 0.2 ; 0.333333 ; 0.333333 ; 0.333333 ; 0.333333 ; 1 ; 0.5 ; 0.333333 ; 0.333333 ; 0.333333 ; 1 ; 0.2 ; 0.333333 ; 1 ; 0.333333 ; 0.333333 ; 1 ; 1 ; 0.333333 ; 0.333333 ; 0.333333 ; 0.333333 ; 1 ; 1 ; 1 ; 0.333333 ; 0.333333 ; 0.333333 ; 0.333333 ; 0.333333 ; 0.333333 ; 1 ; 0.333333 ; 0.333333 ; 0.333333 ; 0.333333
cle bn:04756252n ; 0.333333 ; 0.2 ; 0.333333 ; 0.2 ; 0.222222 ; 0.181818 ; 0.285714 ; 0.5 ; 1 ; 0.333333 ; 0.333333 ; 0.333333 ; 0.2 ; 1 ; 0.333333 ; 0.333333 ; 1 ; 0.125 ; 0.5 ; 0.333333 ; 0.333333 ; 0.333333 ; 0.333333 ; 0.333333 ; 0.2 ; 0.333333 ; 0.333333 ; 0.333333 ; 0.333333 ; 1 ; 0.5 ; 0.333333 ; 0.333333 ; 0.333333 ; 1 ; 0.2 ; 0.333333 ; 1 ; 0.333333 ; 0.333333 ; 1 ; 1 ; 0.333333 ; 0.333333 ; 0.333333 ; 0.333333 ; 1 ; 1 ; 1 ; 0.333333 ; 0.333333 ; 0.333333 ; 0.333333 ; 0.333333 ; 0.333333 ; 1 ; 0.333333 ; 0.333333 ; 0.333333 ; 0.333333
serveur bn:00044916n ; 0.333333 ; 0.2 ; 0.333333 ; 0.5 ; 0.222222 ; 0.0833333 ; 0.125 ; 0.5 ; 0.333333 ; 0.333333 ; 0.333333 ; 1 ; 0.5 ; 0.333333 ; 0.333333 ; 1 ; 0.333333 ; 0.285714 ; 0.2 ; 0.333333 ; 0.333333 ; 0.333333 ; 0.333333 ; 0.333333 ; 0.2 ; 0.333333 ; 0.333333 ; 0.333333 ; 0.333333 ; 0.333333 ; 0.2 ; 0.333333 ; 0.333333 ; 0.333333 ; 0.333333 ; 0.2 ; 1 ; 0.333333 ; 0.333333 ; 0.333333 ; 0.333333 ; 0.333333 ; 1 ; 1 ; 0.333333 ; 1 ; 0.333333 ; 0.333333 ; 0.333333 ; 0.333333 ; 0.333333 ; 0.333333 ; 0.333333 ; 0.333333 ; 0.333333 ; 0.333333 ; 0.333333 ; 0.333333 ; 0.333333 ; 0.333333
interpréter bn:00089840v ; 0.333333 ; 0.2 ; 0.333333 ; 0.5 ; 0.222222 ; 0.0833333 ; 0.125 ; 0.5 ; 0.333333 ; 0.333333 ; 0.333333 ; 1 ; 0.5 ; 0.333333 ; 0.333333 ; 1 ; 0.333333 ; 0.285714 ; 0.2 ; 0.333333 ; 0.333333 ; 0.333333 ; 0.333333 ; 0.333333 ; 0.2 ; 0.333333 ; 0.333333 ; 0.333333 ; 0.333333 ; 0.333333 ; 0.2 ; 0.333333 ; 0.333333 ; 0.333333 ; 0.333333 ; 0.2 ; 1 ; 0.333333 ; 0.333333 ; 0.333333 ; 0.333333 ; 0.333333 ; 1 ; 1 ; 0.333333 ; 1 ; 0.333333 ; 0.333333 ; 0.333333 ; 0.333333 ; 0.333333 ; 0.333333 ; 0.333333 ; 0.333333 ; 0.333333 ; 0.333333 ; 0.333333 ; 0.333333 ; 0.333333 ; 0.333333
transaction bn:01403911n ; 0.333333 ; 0.2 ; 0.333333 ; 0.2 ; 0.1 ; 0.181818 ; 0.285714 ; 0.2 ; 0.333333 ; 0.333333 ; 0.333333 ; 0.333333 ; 0.2 ; 0.333333 ; 0.333333 ; 0.333333 ; 0.333333 ; 0.285714 ; 0.5 ; 0.333333 ; 0.333333 ; 0.333333 ; 0.333333 ; 0.333333 ; 0.2 ; 0.333333 ; 0.333333 ; 0.333333 ; 0.333333 ; 0.333333 ; 0.2 ; 0.333333 ; 0.333333 ; 1 ; 0.333333 ; 0.5 ; 0.333333 ; 0.333333 ; 0.333333 ; 1 ; 0.333333 ; 0.333333 ; 0.333333 ; 0.333333 ; 1 ; 0.333333 ; 0.333333 ; 0.333333 ; 0.333333 ; 1 ; 0.333333 ; 0.333333 ; 1 ; 1 ; 1 ; 0.333333 ; 0.333333 ; 0.333333 ; 0.333333 ; 0.333333
côté client bn:03163702n ; 0.333333 ; 0.2 ; 0.333333 ; 0.5 ; 0.222222 ; 0.0833333 ; 0.125 ; 0.5 ; 0.333333 ; 0.333333 ; 0.333333 ; 1 ; 0.5 ; 0.333333 ; 0.333333 ; 1 ; 0.333333 ; 0.285714 ; 0.2 ; 0.333333 ; 0.333333 ; 0.333333 ; 0.333333 ; 0.333333 ; 0.2 ; 0.333333 ; 0.333333 ; 0.333333 ; 0.333333 ; 0.333333 ; 0.2 ; 0.333333 ; 0.333333 ; 0.333333 ; 0.333333 ; 0.2 ; 1 ; 0.333333 ; 0.333333 ; 0.333333 ; 0.333333 ; 0.333333 ; 1 ; 1 ; 0.333333 ; 1 ; 0.333333 ; 0.333333 ; 0.333333 ; 0.333333 ; 0.333333 ; 0.333333 ; 0.333333 ; 0.333333 ; 0.333333 ; 0.333333 ; 0.333333 ; 0.333333 ; 0.333333 ; 0.333333
classes bn:03608262n ; 0.333333 ; 0.2 ; 0.333333 ; 0.2 ; 0.222222 ; 0.181818 ; 0.285714 ; 0.5 ; 1 ; 0.333333 ; 0.333333 ; 0.333333 ; 0.2 ; 1 ; 0.333333 ; 0.333333 ; 1 ; 0.125 ; 0.5 ; 0.333333 ; 0.333333 ; 0.333333 ; 0.333333 ; 0.333333 ; 0.2 ; 0.333333 ; 0.333333 ; 0.333333 ; 0.333333 ; 1 ; 0.5 ; 0.333333 ; 0.333333 ; 0.333333 ; 1 ; 0.2 ; 0.333333 ; 1 ; 0.333333 ; 0.333333 ; 1 ; 1 ; 0.333333 ; 0.333333 ; 0.333333 ; 0.333333 ; 1 ; 1 ; 1 ; 0.333333 ; 0.333333 ; 0.333333 ; 0.333333 ; 0.333333 ; 0.333333 ; 1 ; 0.333333 ; 0.333333 ; 0.333333 ; 0.333333
bienvenue bn:00080852n ; 0.333333 ; 0.2 ; 0.333333 ; 0.2 ; 0.222222 ; 0.181818 ; 0.285714 ; 0.5 ; 1 ; 0.333333 ; 0.333333 ; 0.333333 ; 0.2 ; 1 ; 0.333333 ; 0.333333 ; 1 ; 0.125 ; 0.5 ; 0.333333 ; 0.333333 ; 0.333333 ; 0.333333 ; 0.333333 ; 0.2 ; 0.333333 ; 0.333333 ; 0.333333 ; 0.333333 ; 1 ; 0.5 ; 0.333333 ; 0.333333 ; 0.333333 ; 1 ; 0.2 ; 0.333333 ; 1 ; 0.333333 ; 0.333333 ; 1 ; 1 ; 0.333333 ; 0.333333 ; 0.333333 ; 0.333333 ; 1 ; 1 ; 1 ; 0.333333 ; 0.333333 ; 0.333333 ; 0.333333 ; 0.333333 ; 0.333333 ; 1 ; 0.333333 ; 0.333333 ; 0.333333 ; 0.333333
class bn:03598962n ; 0.333333 ; 0.2 ; 0.333333 ; 0.2 ; 0.222222 ; 0.181818 ; 0.285714 ; 0.5 ; 1 ; 0.333333 ; 0.333333 ; 0.333333 ; 0.2 ; 1 ; 0.333333 ; 0.333333 ; 1 ; 0.125 ; 0.5 ; 0.333333 ; 0.333333 ; 0.333333 ; 0.333333 ; 0.333333 ; 0.2 ; 0.333333 ; 0.333333 ; 0.333333 ; 0.333333 ; 1 ; 0.5 ; 0.333333 ; 0.333333 ; 0.333333 ; 1 ; 0.2 ; 0.333333 ; 1 ; 0.333333 ; 0.333333 ; 1 ; 1 ; 0.333333 ; 0.333333 ; 0.333333 ; 0.333333 ; 1 ; 1 ; 1 ; 0.333333 ; 0.333333 ; 0.333333 ; 0.333333 ; 0.333333 ; 0.333333 ; 1 ; 0.333333 ; 0.333333 ; 0.333333 ; 0.333333
mot bn:00081546n ; 0.333333 ; 0.2 ; 0.333333 ; 0.2 ; 0.1 ; 0.181818 ; 0.285714 ; 0.2 ; 0.333333 ; 0.333333 ; 0.333333 ; 0.333333 ; 0.2 ; 0.333333 ; 0.333333 ; 0.333333 ; 0.333333 ; 0.285714 ; 0.5 ; 0.333333 ; 0.333333 ; 0.333333 ; 0.333333 ; 0.333333 ; 0.2 ; 0.333333 ; 0.333333 ; 0.333333 ; 0.333333 ; 0.333333 ; 0.2 ; 0.333333 ; 0.333333 ; 1 ; 0.333333 ; 0.5 ; 0.333333 ; 0.333333 ; 0.333333 ; 1 ; 0.333333 ; 0.333333 ; 0.333333 ; 0.333333 ; 1 ; 0.333333 ; 0.333333 ; 0.333333 ; 0.333333 ; 1 ; 0.333333 ; 0.333333 ; 1 ; 1 ; 1 ; 0.333333 ; 0.333333 ; 0.333333 ; 0.333333 ; 0.333333
méthode bn:01641329n ; 0.333333 ; 0.5 ; 1 ; 0.2 ; 0.222222 ; 0.181818 ; 0.285714 ; 0.2 ; 0.333333 ; 0.333333 ; 0.333333 ; 0.333333 ; 0.2 ; 0.333333 ; 0.333333 ; 0.333333 ; 0.333333 ; 0.125 ; 0.2 ; 0.333333 ; 0.333333 ; 0.333333 ; 0.333333 ; 0.333333 ; 0.5 ; 0.333333 ; 0.333333 ; 0.333333 ; 0.333333 ; 0.333333 ; 0.2 ; 0.333333 ; 0.333333 ; 0.333333 ; 0.333333 ; 0.2 ; 0.333333 ; 0.333333 ; 0.333333 ; 0.333333 ; 0.333333 ; 0.333333 ; 0.333333 ; 0.333333 ; 0.333333 ; 0.333333 ; 0.333333 ; 0.333333 ; 0.333333 ; 0.333333 ; 1 ; 0.333333 ; 0.333333 ; 0.333333 ; 0.333333 ; 0.333333 ; 0.333333 ; 0.333333 ; 0.333333 ; 0.333333
session bn:03751534n ; 0.333333 ; 0.2 ; 0.333333 ; 0.2 ; 0.222222 ; 0.0833333 ; 0.125 ; 0.2 ; 0.333333 ; 0.333333 ; 0.333333 ; 0.333333 ; 0.2 ; 0.333333 ; 1 ; 0.333333 ; 0.333333 ; 0.125 ; 0.2 ; 1 ; 0.333333 ; 1 ; 0.333333 ; 0.333333 ; 0.2 ; 1 ; 0.333333 ; 0.333333 ; 0.333333 ; 0.333333 ; 0.5 ; 1 ; 1 ; 0.333333 ; 0.333333 ; 0.2 ; 0.333333 ; 0.333333 ; 1 ; 0.333333 ; 0.333333 ; 0.333333 ; 0.333333 ; 0.333333 ; 0.333333 ; 0.333333 ; 0.333333 ; 0.333333 ; 0.333333 ; 0.333333 ; 0.333333 ; 1 ; 0.333333 ; 0.333333 ; 0.333333 ; 0.333333 ; 1 ; 0.333333 ; 1 ; 1
visiteur bn:03106425n ; 0.333333 ; 0.2 ; 0.333333 ; 0.2 ; 0.1 ; 0.181818 ; 0.285714 ; 0.2 ; 0.333333 ; 0.333333 ; 0.333333 ; 0.333333 ; 0.2 ; 0.333333 ; 0.333333 ; 0.333333 ; 0.333333 ; 0.285714 ; 0.5 ; 0.333333 ; 0.333333 ; 0.333333 ; 0.333333 ; 0.333333 ; 0.2 ; 0.333333 ; 0.333333 ; 0.333333 ; 0.333333 ; 0.333333 ; 0.2 ; 0.333333 ; 0.333333 ; 1 ; 0.333333 ; 0.5 ; 0.333333 ; 0.333333 ; 0.333333 ; 1 ; 0.333333 ; 0.333333 ; 0.333333 ; 0.333333 ; 1 ; 0.333333 ; 0.333333 ; 0.333333 ; 0.333333 ; 1 ; 0.333333 ; 0.333333 ; 1 ; 1 ; 1 ; 0.333333 ; 0.333333 ; 0.333333 ; 0.333333 ; 0.333333
afficher bn:00087013v ; 0.333333 ; 0.2 ; 0.333333 ; 0.2 ; 0.1 ; 0.181818 ; 0.285714 ; 0.2 ; 0.333333 ; 0.333333 ; 0.333333 ; 0.333333 ; 0.2 ; 0.333333 ; 0.333333 ; 0.333333 ; 0.333333 ; 0.285714 ; 0.5 ; 0.333333 ; 0.333333 ; 0.333333 ; 0.333333 ; 0.333333 ; 0.2 ; 0.333333 ; 0.333333 ; 0.333333 ; 0.333333 ; 0.333333 ; 0.2 ; 0.333333 ; 0.333333 ; 1 ; 0.333333 ; 0.5 ; 0.333333 ; 0.333333 ; 0.333333 ; 1 ; 0.333333 ; 0.333333 ; 0.333333 ; 0.333333 ; 1 ; 0.333333 ; 0.333333 ; 0.333333 ; 0.333333 ; 1 ; 0.333333 ; 0.333333 ; 1 ; 1 ; 1 ; 0.333333 ; 0.333333 ; 0.333333 ; 0.333333 ; 0.333333
pouvoir bn:00084451v ; 0.333333 ; 0.2 ; 0.333333 ; 0.2 ; 0.1 ; 0.181818 ; 0.285714 ; 0.2 ; 0.333333 ; 0.333333 ; 0.333333 ; 0.333333 ; 0.2 ; 0.333333 ; 0.333333 ; 0.333333 ; 0.333333 ; 0.285714 ; 0.5 ; 0.333333 ; 0.333333 ; 0.333333 ; 0.333333 ; 0.333333 ; 0.2 ; 0.333333 ; 0.333333 ; 0.333333 ; 0.333333 ; 0.333333 ; 0.2 ; 0.333333 ; 0.333333 ; 1 ; 0.333333 ; 0.5 ; 0.333333 ; 0.333333 ; 0.333333 ; 1 ; 0.333333 ; 0.333333 ; 0.333333 ; 0.333333 ; 1 ; 0.333333 ; 0.333333 ; 0.333333 ; 0.333333 ; 1 ; 0.333333 ; 0.333333 ; 1 ; 1 ; 1 ; 0.333333 ; 0.333333 ; 0.333333 ; 0.333333 ; 0.333333
mysqli bn:01438356n ; 0.333333 ; 0.2 ; 0.333333 ; 0.2 ; 0.222222 ; 0.181818 ; 0.285714 ; 0.5 ; 1 ; 0.333333 ; 0.333333 ; 0.333333 ; 0.2 ; 1 ; 0.333333 ; 0.333333 ; 1 ; 0.125 ; 0.5 ; 0.333333 ; 0.333333 ; 0.333333 ; 0.333333 ; 0.333333 ; 0.2 ; 0.333333 ; 0.333333 ; 0.333333 ; 0.333333 ; 1 ; 0.5 ; 0.333333 ; 0.333333 ; 0.333333 ; 1 ; 0.2 ; 0.333333 ; 1 ; 0.333333 ; 0.333333 ; 1 ; 1 ; 0.333333 ; 0.333333 ; 0.333333 ; 0.333333 ; 1 ; 1 ; 1 ; 0.333333 ; 0.333333 ; 0.333333 ; 0.333333 ; 0.333333 ; 0.333333 ; 1 ; 0.333333 ; 0.333333 ; 0.333333 ; 0.333333
france bn:00036202n ; 0.333333 ; 0.2 ; 0.333333 ; 0.2 ; 0.222222 ; 0.0833333 ; 0.125 ; 0.2 ; 0.333333 ; 0.333333 ; 0.333333 ; 0.333333 ; 0.2 ; 0.333333 ; 1 ; 0.333333 ; 0.333333 ; 0.125 ; 0.2 ; 1 ; 0.333333 ; 1 ; 0.333333 ; 0.333333 ; 0.2 ; 1 ; 0.333333 ; 0.333333 ; 0.333333 ; 0.333333 ; 0.5 ; 1 ; 1 ; 0.333333 ; 0.333333 ; 0.2 ; 0.333333 ; 0.333333 ; 1 ; 0.333333 ; 0.333333 ; 0.333333 ; 0.333333 ; 0.333333 ; 0.333333 ; 0.333333 ; 0.333333 ; 0.333333 ; 0.333333 ; 0.333333 ; 0.333333 ; 1 ; 0.333333 ; 0.333333 ; 0.333333 ; 0.333333 ; 1 ; 0.333333 ; 1 ; 1
list bn:04720346n ; 0.333333 ; 0.2 ; 0.333333 ; 0.5 ; 0.1 ; 0.0833333 ; 0.125 ; 0.2 ; 0.333333 ; 0.333333 ; 0.333333 ; 0.333333 ; 0.2 ; 0.333333 ; 0.333333 ; 0.333333 ; 0.333333 ; 0.125 ; 0.2 ; 0.333333 ; 0.333333 ; 0.333333 ; 0.333333 ; 0.333333 ; 0.5 ; 0.333333 ; 0.333333 ; 0.333333 ; 0.333333 ; 0.333333 ; 0.2 ; 0.333333 ; 0.333333 ; 0.333333 ; 0.333333 ; 0.5 ; 0.333333 ; 0.333333 ; 0.333333 ; 0.333333 ; 0.333333 ; 0.333333 ; 0.333333 ; 0.333333 ; 0.333333 ; 0.333333 ; 0.333333 ; 0.333333 ; 0.333333 ; 0.333333 ; 0.333333 ; 0.333333 ; 0.333333 ; 0.333333 ; 0.333333 ; 0.333333 ; 0.333333 ; 1 ; 0.333333 ; 0.333333
timestamp bn:03603649n ; 0.333333 ; 0.2 ; 0.333333 ; 0.2 ; 0.222222 ; 0.0833333 ; 0.125 ; 0.2 ; 0.333333 ; 0.333333 ; 0.333333 ; 0.333333 ; 0.2 ; 0.333333 ; 1 ; 0.333333 ; 0.333333 ; 0.125 ; 0.2 ; 1 ; 0.333333 ; 1 ; 0.333333 ; 0.333333 ; 0.2 ; 1 ; 0.333333 ; 0.333333 ; 0.333333 ; 0.333333 ; 0.5 ; 1 ; 1 ; 0.333333 ; 0.333333 ; 0.2 ; 0.333333 ; 0.333333 ; 1 ; 0.333333 ; 0.333333 ; 0.333333 ; 0.333333 ; 0.333333 ; 0.333333 ; 0.333333 ; 0.333333 ; 0.333333 ; 0.333333 ; 0.333333 ; 0.333333 ; 1 ; 0.333333 ; 0.333333 ; 0.333333 ; 0.333333 ; 1 ; 0.333333 ; 1 ; 1
accéder bn:00082209v ; 0.333333 ; 0.2 ; 0.333333 ; 0.2 ; 0.222222 ; 0.0833333 ; 0.125 ; 0.2 ; 0.333333 ; 0.333333 ; 0.333333 ; 0.333333 ; 0.2 ; 0.333333 ; 1 ; 0.333333 ; 0.333333 ; 0.125 ; 0.2 ; 1 ; 0.333333 ; 1 ; 0.333333 ; 0.333333 ; 0.2 ; 1 ; 0.333333 ; 0.333333 ; 0.333333 ; 0.333333 ; 0.5 ; 1 ; 1 ; 0.333333 ; 0.333333 ; 0.2 ; 0.333333 ; 0.333333 ; 1 ; 0.333333 ; 0.333333 ; 0.333333 ; 0.333333 ; 0.333333 ; 0.333333 ; 0.333333 ; 0.333333 ; 0.333333 ; 0.333333 ; 0.333333 ; 0.333333 ; 1 ; 0.333333 ; 0.333333 ; 0.333333 ; 0.333333 ; 1 ; 0.333333 ; 1 ; 1
