X ; page web bn:00080778n ; navigateur bn:00013447n ; serveur web bn:02705179n ; fichier bn:00021475n ; client bn:00019764n ; base de donnée bn:00025333n ; donnée bn:00025314n ; php bn:01753580n ; code bn:00020354n ; texte bn:00076732n ; concerner bn:00083240v ; commentaire bn:00020978n ; délimiter bn:00086464v ; fois bn:00032768n ; url bn:00079080n ; case à cocher bn:03157691n ; post bn:01500184n ; nombre bn:00058285n ; text bn:14981519n ; langage bn:00049910n ; zones bn:00005513n ; utilisateur bn:00079373n ; case bn:04777941n ; associer bn:00082868v ; personne bn:00046516n ; méthode post bn:00045088n ; fermeture bn:16858148n ; machine bn:00054050n ; mysql bn:01225760n ; salaire bn:15928884n ; jour bn:00000086n ; programmation bn:00021493n ; site bn:00047172n ; france bn:00036202n ; langage de script bn:01431715n ; interpréter bn:00089840v ; côté serveur bn:03816678n ; serveur bn:00044916n ; côté client bn:03163702n ; typage bn:00016413n ; foreach bn:03463379n ; pointeur bn:03222272n ; list bn:04720346n ; casse bn:03225002n ; méthode bn:01641329n ; cle bn:04756252n ; mot bn:00081546n ; timestamp bn:03603649n ; session bn:03751534n ; chaîne bn:00074685n ; opérateur bn:16281811n ; classe bn:03608262n ; moteur bn:00030850n ; xml bn:02771436n ; entête bn:00043309n ; echo bn:03626250n ; files bn:00065682n ; class bn:03598962n ; affiche bn:00087013v ; configuration bn:03088982n ; insert bn:03795444n ; varchar bn:01838409n ; transaction bn:01403911n ; valeur bn:00079508n ; visiteur bn:03106425n ; composer bn:14766022n ; doctype bn:15839327n ; mysqli bn:01438356n ; null bn:15898583n ; généralité bn:00041249n ; autre bn:00108013a ; avoir accès bn:00082209v ; bienvenue bn:00080852n ; paris bn:00015540n
page web bn:00080778n ; 1 ; 0.5 ; 1 ; 0.0833333 ; 0.111111 ; 0.153846 ; 0.153846 ; 0.111111 ; 0.2 ; 1 ; 1 ; 0.333333 ; 0.5 ; 0.333333 ; 0.333333 ; 0.333333 ; 0.2 ; 0.133333 ; 0.2 ; 0.2 ; 0.5 ; 1 ; 0.333333 ; 1 ; 0.5 ; 0.333333 ; 0.333333 ; 1 ; 0.5 ; 1 ; 0.333333 ; 0.333333 ; 0.0833333 ; 0.333333 ; 0.0833333 ; 0.333333 ; 0.333333 ; 0.333333 ; 0.333333 ; 0.2 ; 0.2 ; 0.333333 ; 0.333333 ; 0.333333 ; 0.333333 ; 0.333333 ; 0.333333 ; 0.2 ; 0.333333 ; 0.2 ; 0.333333 ; 0.333333 ; 0.333333 ; 0.333333 ; 0.333333 ; 0.333333 ; 0.333333 ; 0.2 ; 0.333333 ; 0.333333 ; 0.333333 ; 0.333333 ; 0.333333 ; 0.333333 ; 0.333333 ; 0.333333 ; 0.333333 ; 0.333333 ; 0.333333 ; 0.333333 ; 0.333333 ; 0.333333 ; 0.333333 ; 0.333333
navigateur bn:00013447n ; 0.5 ; 1 ; 0.5 ; 0.153846 ; 0.0909091 ; 0.133333 ; 0.133333 ; 0.0909091 ; 0.142857 ; 0.5 ; 0.5 ; 0.2 ; 0.333333 ; 0.2 ; 0.2 ; 0.2 ; 0.4 ; 0.117647 ; 0.142857 ; 0.333333 ; 0.333333 ; 0.5 ; 0.2 ; 0.5 ; 0.333333 ; 0.666667 ; 0.2 ; 0.5 ; 0.333333 ; 0.5 ; 0.2 ; 0.2 ; 0.0714286 ; 0.2 ; 0.153846 ; 0.2 ; 0.2 ; 0.2 ; 0.2 ; 0.142857 ; 0.142857 ; 0.2 ; 0.5 ; 0.2 ; 0.2 ; 0.2 ; 0.2 ; 0.142857 ; 0.2 ; 0.142857 ; 0.2 ; 0.2 ; 0.2 ; 0.2 ; 0.2 ; 0.2 ; 0.2 ; 0.142857 ; 0.2 ; 0.2 ; 0.2 ; 0.2 ; 0.2 ; 0.2 ; 0.2 ; 0.2 ; 0.2 ; 0.2 ; 0.2 ; 0.2 ; 0.2 ; 0.2 ; 0.2 ; 0.2
serveur web bn:02705179n ; 1 ; 0.5 ; 1 ; 0.0833333 ; 0.111111 ; 0.153846 ; 0.153846 ; 0.111111 ; 0.2 ; 1 ; 1 ; 0.333333 ; 0.5 ; 0.333333 ; 0.333333 ; 0.333333 ; 0.2 ; 0.133333 ; 0.2 ; 0.2 ; 0.5 ; 1 ; 0.333333 ; 1 ; 0.5 ; 0.333333 ; 0.333333 ; 1 ; 0.5 ; 1 ; 0.333333 ; 0.333333 ; 0.0833333 ; 0.333333 ; 0.0833333 ; 0.333333 ; 0.333333 ; 0.333333 ; 0.333333 ; 0.2 ; 0.2 ; 0.333333 ; 0.333333 ; 0.333333 ; 0.333333 ; 0.333333 ; 0.333333 ; 0.2 ; 0.333333 ; 0.2 ; 0.333333 ; 0.333333 ; 0.333333 ; 0.333333 ; 0.333333 ; 0.333333 ; 0.333333 ; 0.2 ; 0.333333 ; 0.333333 ; 0.333333 ; 0.333333 ; 0.333333 ; 0.333333 ; 0.333333 ; 0.333333 ; 0.333333 ; 0.333333 ; 0.333333 ; 0.333333 ; 0.333333 ; 0.333333 ; 0.333333 ; 0.333333
fichier bn:00021475n ; 0.0833333 ; 0.153846 ; 0.0833333 ; 1 ; 0.266667 ; 0.0434783 ; 0.0434783 ; 0.266667 ; 0.153846 ; 0.0833333 ; 0.0833333 ; 0.181818 ; 0.153846 ; 0.0833333 ; 0.181818 ; 0.181818 ; 0.235294 ; 0.181818 ; 0.0714286 ; 0.363636 ; 0.0714286 ; 0.0833333 ; 0.181818 ; 0.0833333 ; 0.0714286 ; 0.133333 ; 0.181818 ; 0.0833333 ; 0.0714286 ; 0.0833333 ; 0.0833333 ; 0.181818 ; 0.1 ; 0.181818 ; 0.466667 ; 0.181818 ; 0.181818 ; 0.181818 ; 0.181818 ; 0.153846 ; 0.153846 ; 0.181818 ; 0.181818 ; 0.181818 ; 0.181818 ; 0.0833333 ; 0.0833333 ; 0.363636 ; 0.181818 ; 0.363636 ; 0.0833333 ; 0.0833333 ; 0.0833333 ; 0.0833333 ; 0.181818 ; 0.181818 ; 0.181818 ; 0.153846 ; 0.0833333 ; 0.0833333 ; 0.0833333 ; 0.0833333 ; 0.0833333 ; 0.181818 ; 0.0833333 ; 0.0833333 ; 0.0833333 ; 0.0833333 ; 0.0833333 ; 0.181818 ; 0.181818 ; 0.181818 ; 0.0833333 ; 0.0833333
client bn:00019764n ; 0.111111 ; 0.0909091 ; 0.111111 ; 0.266667 ; 1 ; 0.105263 ; 0.105263 ; 1 ; 0.2 ; 0.111111 ; 0.111111 ; 0.25 ; 0.2 ; 0.25 ; 0.25 ; 0.25 ; 0.285714 ; 0.0952381 ; 0.2 ; 0.2 ; 0.0909091 ; 0.111111 ; 0.25 ; 0.111111 ; 0.0909091 ; 0.166667 ; 0.25 ; 0.111111 ; 0.0909091 ; 0.111111 ; 0.25 ; 0.111111 ; 0.266667 ; 0.25 ; 0.117647 ; 0.25 ; 0.25 ; 0.25 ; 0.25 ; 0.2 ; 0.5 ; 0.25 ; 0.111111 ; 0.25 ; 0.111111 ; 0.25 ; 0.111111 ; 0.2 ; 0.25 ; 0.2 ; 0.25 ; 0.25 ; 0.111111 ; 0.25 ; 0.25 ; 0.111111 ; 0.111111 ; 0.2 ; 0.111111 ; 0.25 ; 0.111111 ; 0.111111 ; 0.111111 ; 0.25 ; 0.111111 ; 0.25 ; 0.25 ; 0.25 ; 0.111111 ; 0.25 ; 0.25 ; 0.25 ; 0.25 ; 0.25
base de donnée bn:00025333n ; 0.153846 ; 0.133333 ; 0.153846 ; 0.0434783 ; 0.105263 ; 1 ; 1 ; 0.105263 ; 0.133333 ; 0.153846 ; 0.153846 ; 0.0714286 ; 0.133333 ; 0.153846 ; 0.0714286 ; 0.0714286 ; 0.210526 ; 0.4 ; 0.307692 ; 0.0625 ; 0.307692 ; 0.153846 ; 0.0714286 ; 0.153846 ; 0.307692 ; 0.117647 ; 0.0714286 ; 0.153846 ; 0.307692 ; 0.153846 ; 0.153846 ; 0.0714286 ; 0.411765 ; 0.0714286 ; 0.0909091 ; 0.0714286 ; 0.0714286 ; 0.0714286 ; 0.0714286 ; 0.133333 ; 0.133333 ; 0.0714286 ; 0.0714286 ; 0.0714286 ; 0.0714286 ; 0.153846 ; 0.153846 ; 0.0625 ; 0.0714286 ; 0.0625 ; 0.153846 ; 0.153846 ; 0.153846 ; 0.0714286 ; 0.0714286 ; 0.0714286 ; 0.0714286 ; 0.133333 ; 0.153846 ; 0.0714286 ; 0.153846 ; 0.153846 ; 0.153846 ; 0.0714286 ; 0.153846 ; 0.0714286 ; 0.0714286 ; 0.153846 ; 0.153846 ; 0.0714286 ; 0.0714286 ; 0.0714286 ; 0.153846 ; 0.153846
donnée bn:00025314n ; 0.153846 ; 0.133333 ; 0.153846 ; 0.0434783 ; 0.105263 ; 1 ; 1 ; 0.105263 ; 0.133333 ; 0.153846 ; 0.153846 ; 0.0714286 ; 0.133333 ; 0.153846 ; 0.0714286 ; 0.0714286 ; 0.210526 ; 0.4 ; 0.307692 ; 0.0625 ; 0.307692 ; 0.153846 ; 0.0714286 ; 0.153846 ; 0.307692 ; 0.117647 ; 0.0714286 ; 0.153846 ; 0.307692 ; 0.153846 ; 0.153846 ; 0.0714286 ; 0.411765 ; 0.0714286 ; 0.0909091 ; 0.0714286 ; 0.0714286 ; 0.0714286 ; 0.0714286 ; 0.133333 ; 0.133333 ; 0.0714286 ; 0.0714286 ; 0.0714286 ; 0.0714286 ; 0.153846 ; 0.153846 ; 0.0625 ; 0.0714286 ; 0.0625 ; 0.153846 ; 0.153846 ; 0.153846 ; 0.0714286 ; 0.0714286 ; 0.0714286 ; 0.0714286 ; 0.133333 ; 0.153846 ; 0.0714286 ; 0.153846 ; 0.153846 ; 0.153846 ; 0.0714286 ; 0.153846 ; 0.0714286 ; 0.0714286 ; 0.153846 ; 0.153846 ; 0.0714286 ; 0.0714286 ; 0.0714286 ; 0.153846 ; 0.153846
php bn:01753580n ; 0.111111 ; 0.0909091 ; 0.111111 ; 0.266667 ; 1 ; 0.105263 ; 0.105263 ; 1 ; 0.2 ; 0.111111 ; 0.111111 ; 0.25 ; 0.2 ; 0.25 ; 0.25 ; 0.25 ; 0.285714 ; 0.0952381 ; 0.2 ; 0.2 ; 0.0909091 ; 0.111111 ; 0.25 ; 0.111111 ; 0.0909091 ; 0.166667 ; 0.25 ; 0.111111 ; 0.0909091 ; 0.111111 ; 0.25 ; 0.111111 ; 0.266667 ; 0.25 ; 0.117647 ; 0.25 ; 0.25 ; 0.25 ; 0.25 ; 0.2 ; 0.5 ; 0.25 ; 0.111111 ; 0.25 ; 0.111111 ; 0.25 ; 0.111111 ; 0.2 ; 0.25 ; 0.2 ; 0.25 ; 0.25 ; 0.111111 ; 0.25 ; 0.25 ; 0.111111 ; 0.111111 ; 0.2 ; 0.111111 ; 0.25 ; 0.111111 ; 0.111111 ; 0.111111 ; 0.25 ; 0.111111 ; 0.25 ; 0.25 ; 0.25 ; 0.111111 ; 0.25 ; 0.25 ; 0.25 ; 0.25 ; 0.25
code bn:00020354n ; 0.2 ; 0.142857 ; 0.2 ; 0.153846 ; 0.2 ; 0.133333 ; 0.133333 ; 0.2 ; 1 ; 0.2 ; 0.2 ; 0.2 ; 0.142857 ; 0.5 ; 0.2 ; 0.2 ; 0.166667 ; 0.117647 ; 0.333333 ; 0.142857 ; 0.142857 ; 0.2 ; 0.2 ; 0.2 ; 0.142857 ; 0.111111 ; 0.2 ; 0.2 ; 0.142857 ; 0.2 ; 0.5 ; 0.5 ; 0.153846 ; 0.2 ; 0.153846 ; 0.2 ; 0.2 ; 0.2 ; 0.2 ; 0.142857 ; 0.333333 ; 0.2 ; 0.2 ; 0.2 ; 0.5 ; 0.5 ; 0.2 ; 0.333333 ; 0.2 ; 0.333333 ; 0.5 ; 0.5 ; 0.2 ; 0.2 ; 0.2 ; 0.5 ; 0.5 ; 1 ; 0.2 ; 0.2 ; 0.2 ; 0.2 ; 0.2 ; 0.2 ; 0.2 ; 0.2 ; 0.2 ; 0.5 ; 0.2 ; 0.2 ; 0.2 ; 0.2 ; 0.5 ; 0.5
texte bn:00076732n ; 1 ; 0.5 ; 1 ; 0.0833333 ; 0.111111 ; 0.153846 ; 0.153846 ; 0.111111 ; 0.2 ; 1 ; 1 ; 0.333333 ; 0.5 ; 0.333333 ; 0.333333 ; 0.333333 ; 0.2 ; 0.133333 ; 0.2 ; 0.2 ; 0.5 ; 1 ; 0.333333 ; 1 ; 0.5 ; 0.333333 ; 0.333333 ; 1 ; 0.5 ; 1 ; 0.333333 ; 0.333333 ; 0.0833333 ; 0.333333 ; 0.0833333 ; 0.333333 ; 0.333333 ; 0.333333 ; 0.333333 ; 0.2 ; 0.2 ; 0.333333 ; 0.333333 ; 0.333333 ; 0.333333 ; 0.333333 ; 0.333333 ; 0.2 ; 0.333333 ; 0.2 ; 0.333333 ; 0.333333 ; 0.333333 ; 0.333333 ; 0.333333 ; 0.333333 ; 0.333333 ; 0.2 ; 0.333333 ; 0.333333 ; 0.333333 ; 0.333333 ; 0.333333 ; 0.333333 ; 0.333333 ; 0.333333 ; 0.333333 ; 0.333333 ; 0.333333 ; 0.333333 ; 0.333333 ; 0.333333 ; 0.333333 ; 0.333333
concerner bn:00083240v ; 1 ; 0.5 ; 1 ; 0.0833333 ; 0.111111 ; 0.153846 ; 0.153846 ; 0.111111 ; 0.2 ; 1 ; 1 ; 0.333333 ; 0.5 ; 0.333333 ; 0.333333 ; 0.333333 ; 0.2 ; 0.133333 ; 0.2 ; 0.2 ; 0.5 ; 1 ; 0.333333 ; 1 ; 0.5 ; 0.333333 ; 0.333333 ; 1 ; 0.5 ; 1 ; 0.333333 ; 0.333333 ; 0.0833333 ; 0.333333 ; 0.0833333 ; 0.333333 ; 0.333333 ; 0.333333 ; 0.333333 ; 0.2 ; 0.2 ; 0.333333 ; 0.333333 ; 0.333333 ; 0.333333 ; 0.333333 ; 0.333333 ; 0.2 ; 0.333333 ; 0.2 ; 0.333333 ; 0.333333 ; 0.333333 ; 0.333333 ; 0.333333 ; 0.333333 ; 0.333333 ; 0.2 ; 0.333333 ; 0.333333 ; 0.333333 ; 0.333333 ; 0.333333 ; 0.333333 ; 0.333333 ; 0.333333 ; 0.333333 ; 0.333333 ; 0.333333 ; 0.333333 ; 0.333333 ; 0.333333 ; 0.333333 ; 0.333333
commentaire bn:00020978n ; 0.333333 ; 0.2 ; 0.333333 ; 0.181818 ; 0.25 ; 0.0714286 ; 0.0714286 ; 0.25 ; 0.2 ; 0.333333 ; 0.333333 ; 1 ; 0.5 ; 0.333333 ; 0.333333 ; 1 ; 0.0909091 ; 0.133333 ; 0.2 ; 0.2 ; 0.2 ; 0.333333 ; 0.333333 ; 0.333333 ; 0.2 ; 0.142857 ; 0.333333 ; 0.333333 ; 0.2 ; 0.333333 ; 0.333333 ; 0.333333 ; 0.0833333 ; 0.333333 ; 0.0833333 ; 1 ; 1 ; 1 ; 1 ; 0.5 ; 0.2 ; 1 ; 0.333333 ; 1 ; 0.333333 ; 0.333333 ; 0.333333 ; 0.2 ; 0.333333 ; 0.2 ; 0.333333 ; 0.333333 ; 0.333333 ; 0.333333 ; 0.333333 ; 0.333333 ; 0.333333 ; 0.2 ; 0.333333 ; 0.333333 ; 0.333333 ; 0.333333 ; 0.333333 ; 0.333333 ; 0.333333 ; 0.333333 ; 0.333333 ; 0.333333 ; 0.333333 ; 0.333333 ; 0.333333 ; 0.333333 ; 0.333333 ; 0.333333
délimiter bn:00086464v ; 0.5 ; 0.333333 ; 0.5 ; 0.153846 ; 0.2 ; 0.133333 ; 0.133333 ; 0.2 ; 0.142857 ; 0.5 ; 0.5 ; 0.5 ; 1 ; 0.2 ; 0.2 ; 0.5 ; 0.166667 ; 0.266667 ; 0.142857 ; 0.142857 ; 0.333333 ; 0.5 ; 0.2 ; 0.5 ; 0.333333 ; 0.25 ; 0.2 ; 0.5 ; 0.333333 ; 0.5 ; 0.2 ; 0.2 ; 0.0714286 ; 0.2 ; 0.0714286 ; 0.5 ; 0.5 ; 0.5 ; 0.5 ; 0.333333 ; 0.142857 ; 0.5 ; 0.2 ; 0.5 ; 0.2 ; 0.2 ; 0.2 ; 0.142857 ; 0.2 ; 0.142857 ; 0.2 ; 0.2 ; 0.2 ; 0.2 ; 0.2 ; 0.2 ; 0.2 ; 0.142857 ; 0.2 ; 0.2 ; 0.2 ; 0.2 ; 0.2 ; 0.2 ; 0.2 ; 0.2 ; 0.2 ; 0.2 ; 0.2 ; 0.2 ; 0.2 ; 0.2 ; 0.2 ; 0.2
fois bn:00032768n ; 0.333333 ; 0.2 ; 0.333333 ; 0.0833333 ; 0.25 ; 0.153846 ; 0.153846 ; 0.25 ; 0.5 ; 0.333333 ; 0.333333 ; 0.333333 ; 0.2 ; 1 ; 0.333333 ; 0.333333 ; 0.2 ; 0.0625 ; 0.5 ; 0.2 ; 0.2 ; 0.333333 ; 0.333333 ; 0.333333 ; 0.2 ; 0.142857 ; 0.333333 ; 0.333333 ; 0.2 ; 0.333333 ; 1 ; 0.333333 ; 0.181818 ; 0.333333 ; 0.0833333 ; 0.333333 ; 0.333333 ; 0.333333 ; 0.333333 ; 0.2 ; 0.5 ; 0.333333 ; 0.333333 ; 0.333333 ; 0.333333 ; 1 ; 0.333333 ; 0.2 ; 0.333333 ; 0.2 ; 1 ; 1 ; 0.333333 ; 0.333333 ; 0.333333 ; 0.333333 ; 0.333333 ; 0.5 ; 0.333333 ; 0.333333 ; 0.333333 ; 0.333333 ; 0.333333 ; 0.333333 ; 0.333333 ; 0.333333 ; 0.333333 ; 1 ; 0.333333 ; 0.333333 ; 0.333333 ; 0.333333 ; 1 ; 1
url bn:00079080n ; 0.333333 ; 0.2 ; 0.333333 ; 0.181818 ; 0.25 ; 0.0714286 ; 0.0714286 ; 0.25 ; 0.2 ; 0.333333 ; 0.333333 ; 0.333333 ; 0.2 ; 0.333333 ; 1 ; 0.333333 ; 0.2 ; 0.0625 ; 0.2 ; 0.5 ; 0.2 ; 0.333333 ; 1 ; 0.333333 ; 0.2 ; 0.142857 ; 1 ; 0.333333 ; 0.2 ; 0.333333 ; 0.333333 ; 0.333333 ; 0.181818 ; 1 ; 0.181818 ; 0.333333 ; 0.333333 ; 0.333333 ; 0.333333 ; 0.2 ; 0.5 ; 0.333333 ; 0.333333 ; 0.333333 ; 0.333333 ; 0.333333 ; 0.333333 ; 0.5 ; 1 ; 0.5 ; 0.333333 ; 0.333333 ; 0.333333 ; 0.333333 ; 1 ; 0.333333 ; 0.333333 ; 0.2 ; 0.333333 ; 0.333333 ; 0.333333 ; 0.333333 ; 0.333333 ; 1 ; 0.333333 ; 0.333333 ; 0.333333 ; 0.333333 ; 0.333333 ; 1 ; 1 ; 1 ; 0.333333 ; 0.333333
case à cocher bn:03157691n ; 0.333333 ; 0.2 ; 0.333333 ; 0.181818 ; 0.25 ; 0.0714286 ; 0.0714286 ; 0.25 ; 0.2 ; 0.333333 ; 0.333333 ; 1 ; 0.5 ; 0.333333 ; 0.333333 ; 1 ; 0.0909091 ; 0.133333 ; 0.2 ; 0.2 ; 0.2 ; 0.333333 ; 0.333333 ; 0.333333 ; 0.2 ; 0.142857 ; 0.333333 ; 0.333333 ; 0.2 ; 0.333333 ; 0.333333 ; 0.333333 ; 0.0833333 ; 0.333333 ; 0.0833333 ; 1 ; 1 ; 1 ; 1 ; 0.5 ; 0.2 ; 1 ; 0.333333 ; 1 ; 0.333333 ; 0.333333 ; 0.333333 ; 0.2 ; 0.333333 ; 0.2 ; 0.333333 ; 0.333333 ; 0.333333 ; 0.333333 ; 0.333333 ; 0.333333 ; 0.333333 ; 0.2 ; 0.333333 ; 0.333333 ; 0.333333 ; 0.333333 ; 0.333333 ; 0.333333 ; 0.333333 ; 0.333333 ; 0.333333 ; 0.333333 ; 0.333333 ; 0.333333 ; 0.333333 ; 0.333333 ; 0.333333 ; 0.333333
post bn:01500184n ; 0.2 ; 0.4 ; 0.2 ; 0.235294 ; 0.285714 ; 0.210526 ; 0.210526 ; 0.285714 ; 0.166667 ; 0.2 ; 0.2 ; 0.0909091 ; 0.166667 ; 0.2 ; 0.2 ; 0.0909091 ; 1 ; 0.0869565 ; 0.166667 ; 0.4 ; 0.166667 ; 0.2 ; 0.2 ; 0.2 ; 0.166667 ; 0.333333 ; 0.2 ; 0.2 ; 0.166667 ; 0.2 ; 0.2 ; 0.0909091 ; 0.235294 ; 0.2 ; 0.235294 ; 0.0909091 ; 0.0909091 ; 0.0909091 ; 0.0909091 ; 0.0769231 ; 0.4 ; 0.0909091 ; 0.2 ; 0.0909091 ; 0.0909091 ; 0.2 ; 0.0909091 ; 0.166667 ; 0.2 ; 0.166667 ; 0.2 ; 0.2 ; 0.0909091 ; 0.0909091 ; 0.2 ; 0.0909091 ; 0.0909091 ; 0.166667 ; 0.0909091 ; 0.0909091 ; 0.0909091 ; 0.0909091 ; 0.0909091 ; 0.2 ; 0.0909091 ; 0.0909091 ; 0.0909091 ; 0.2 ; 0.0909091 ; 0.2 ; 0.2 ; 0.2 ; 0.2 ; 0.2
nombre bn:00058285n ; 0.133333 ; 0.117647 ; 0.133333 ; 0.181818 ; 0.0952381 ; 0.4 ; 0.4 ; 0.0952381 ; 0.117647 ; 0.133333 ; 0.133333 ; 0.133333 ; 0.266667 ; 0.0625 ; 0.0625 ; 0.133333 ; 0.0869565 ; 1 ; 0.117647 ; 0.0555556 ; 0.266667 ; 0.133333 ; 0.0625 ; 0.133333 ; 0.266667 ; 0.105263 ; 0.0625 ; 0.133333 ; 0.266667 ; 0.133333 ; 0.0625 ; 0.133333 ; 0.181818 ; 0.0625 ; 0.181818 ; 0.133333 ; 0.133333 ; 0.133333 ; 0.133333 ; 0.266667 ; 0.0555556 ; 0.133333 ; 0.0625 ; 0.133333 ; 0.133333 ; 0.0625 ; 0.133333 ; 0.117647 ; 0.0625 ; 0.117647 ; 0.0625 ; 0.0625 ; 0.133333 ; 0.0625 ; 0.0625 ; 0.133333 ; 0.133333 ; 0.117647 ; 0.133333 ; 0.0625 ; 0.133333 ; 0.133333 ; 0.133333 ; 0.0625 ; 0.133333 ; 0.0625 ; 0.0625 ; 0.0625 ; 0.133333 ; 0.0625 ; 0.0625 ; 0.0625 ; 0.0625 ; 0.0625
text bn:14981519n ; 0.2 ; 0.142857 ; 0.2 ; 0.0714286 ; 0.2 ; 0.307692 ; 0.307692 ; 0.2 ; 0.333333 ; 0.2 ; 0.2 ; 0.2 ; 0.142857 ; 0.5 ; 0.2 ; 0.2 ; 0.166667 ; 0.117647 ; 1 ; 0.142857 ; 0.333333 ; 0.2 ; 0.2 ; 0.2 ; 0.142857 ; 0.111111 ; 0.2 ; 0.2 ; 0.333333 ; 0.2 ; 0.5 ; 0.2 ; 0.363636 ; 0.2 ; 0.153846 ; 0.2 ; 0.2 ; 0.2 ; 0.2 ; 0.333333 ; 0.333333 ; 0.2 ; 0.2 ; 0.2 ; 0.2 ; 0.5 ; 0.5 ; 0.142857 ; 0.2 ; 0.142857 ; 0.5 ; 0.5 ; 0.5 ; 0.2 ; 0.2 ; 0.2 ; 0.2 ; 0.333333 ; 0.5 ; 0.2 ; 0.2 ; 0.2 ; 0.5 ; 0.2 ; 0.5 ; 0.2 ; 0.2 ; 0.5 ; 0.2 ; 0.2 ; 0.2 ; 0.2 ; 0.5 ; 0.5
langage bn:00049910n ; 0.2 ; 0.333333 ; 0.2 ; 0.363636 ; 0.2 ; 0.0625 ; 0.0625 ; 0.2 ; 0.142857 ; 0.2 ; 0.2 ; 0.2 ; 0.142857 ; 0.2 ; 0.5 ; 0.2 ; 0.4 ; 0.0555556 ; 0.142857 ; 1 ; 0.142857 ; 0.2 ; 0.5 ; 0.2 ; 0.142857 ; 0.25 ; 0.5 ; 0.2 ; 0.142857 ; 0.2 ; 0.2 ; 0.2 ; 0.153846 ; 0.5 ; 0.363636 ; 0.2 ; 0.2 ; 0.2 ; 0.2 ; 0.142857 ; 0.333333 ; 0.2 ; 0.5 ; 0.2 ; 0.2 ; 0.2 ; 0.2 ; 0.333333 ; 0.5 ; 0.333333 ; 0.2 ; 0.2 ; 0.2 ; 0.2 ; 0.5 ; 0.2 ; 0.2 ; 0.142857 ; 0.2 ; 0.2 ; 0.2 ; 0.2 ; 0.2 ; 0.5 ; 0.2 ; 0.2 ; 0.2 ; 0.2 ; 0.2 ; 0.5 ; 0.5 ; 0.5 ; 0.2 ; 0.2
zones bn:00005513n ; 0.5 ; 0.333333 ; 0.5 ; 0.0714286 ; 0.0909091 ; 0.307692 ; 0.307692 ; 0.0909091 ; 0.142857 ; 0.5 ; 0.5 ; 0.2 ; 0.333333 ; 0.2 ; 0.2 ; 0.2 ; 0.166667 ; 0.266667 ; 0.333333 ; 0.142857 ; 1 ; 0.5 ; 0.2 ; 0.5 ; 0.333333 ; 0.25 ; 0.2 ; 0.5 ; 1 ; 0.5 ; 0.2 ; 0.2 ; 0.153846 ; 0.2 ; 0.153846 ; 0.2 ; 0.2 ; 0.2 ; 0.2 ; 0.333333 ; 0.142857 ; 0.2 ; 0.2 ; 0.2 ; 0.2 ; 0.2 ; 0.5 ; 0.142857 ; 0.2 ; 0.142857 ; 0.2 ; 0.2 ; 0.5 ; 0.2 ; 0.2 ; 0.2 ; 0.2 ; 0.142857 ; 0.5 ; 0.2 ; 0.2 ; 0.2 ; 0.5 ; 0.2 ; 0.5 ; 0.2 ; 0.2 ; 0.2 ; 0.2 ; 0.2 ; 0.2 ; 0.2 ; 0.2 ; 0.2
utilisateur bn:00079373n ; 1 ; 0.5 ; 1 ; 0.0833333 ; 0.111111 ; 0.153846 ; 0.153846 ; 0.111111 ; 0.2 ; 1 ; 1 ; 0.333333 ; 0.5 ; 0.333333 ; 0.333333 ; 0.333333 ; 0.2 ; 0.133333 ; 0.2 ; 0.2 ; 0.5 ; 1 ; 0.333333 ; 1 ; 0.5 ; 0.333333 ; 0.333333 ; 1 ; 0.5 ; 1 ; 0.333333 ; 0.333333 ; 0.0833333 ; 0.333333 ; 0.0833333 ; 0.333333 ; 0.333333 ; 0.333333 ; 0.333333 ; 0.2 ; 0.2 ; 0.333333 ; 0.333333 ; 0.333333 ; 0.333333 ; 0.333333 ; 0.333333 ; 0.2 ; 0.333333 ; 0.2 ; 0.333333 ; 0.333333 ; 0.333333 ; 0.333333 ; 0.333333 ; 0.333333 ; 0.333333 ; 0.2 ; 0.333333 ; 0.333333 ; 0.333333 ; 0.333333 ; 0.333333 ; 0.333333 ; 0.333333 ; 0.333333 ; 0.333333 ; 0.333333 ; 0.333333 ; 0.333333 ; 0.333333 ; 0.333333 ; 0.333333 ; 0.333333
case bn:04777941n ; 0.333333 ; 0.2 ; 0.333333 ; 0.181818 ; 0.25 ; 0.0714286 ; 0.0714286 ; 0.25 ; 0.2 ; 0.333333 ; 0.333333 ; 0.333333 ; 0.2 ; 0.333333 ; 1 ; 0.333333 ; 0.2 ; 0.0625 ; 0.2 ; 0.5 ; 0.2 ; 0.333333 ; 1 ; 0.333333 ; 0.2 ; 0.142857 ; 1 ; 0.333333 ; 0.2 ; 0.333333 ; 0.333333 ; 0.333333 ; 0.181818 ; 1 ; 0.181818 ; 0.333333 ; 0.333333 ; 0.333333 ; 0.333333 ; 0.2 ; 0.5 ; 0.333333 ; 0.333333 ; 0.333333 ; 0.333333 ; 0.333333 ; 0.333333 ; 0.5 ; 1 ; 0.5 ; 0.333333 ; 0.333333 ; 0.333333 ; 0.333333 ; 1 ; 0.333333 ; 0.333333 ; 0.2 ; 0.333333 ; 0.333333 ; 0.333333 ; 0.333333 ; 0.333333 ; 1 ; 0.333333 ; 0.333333 ; 0.333333 ; 0.333333 ; 0.333333 ; 1 ; 1 ; 1 ; 0.333333 ; 0.333333
associer bn:00082868v ; 1 ; 0.5 ; 1 ; 0.0833333 ; 0.111111 ; 0.153846 ; 0.153846 ; 0.111111 ; 0.2 ; 1 ; 1 ; 0.333333 ; 0.5 ; 0.333333 ; 0.333333 ; 0.333333 ; 0.2 ; 0.133333 ; 0.2 ; 0.2 ; 0.5 ; 1 ; 0.333333 ; 1 ; 0.5 ; 0.333333 ; 0.333333 ; 1 ; 0.5 ; 1 ; 0.333333 ; 0.333333 ; 0.0833333 ; 0.333333 ; 0.0833333 ; 0.333333 ; 0.333333 ; 0.333333 ; 0.333333 ; 0.2 ; 0.2 ; 0.333333 ; 0.333333 ; 0.333333 ; 0.333333 ; 0.333333 ; 0.333333 ; 0.2 ; 0.333333 ; 0.2 ; 0.333333 ; 0.333333 ; 0.333333 ; 0.333333 ; 0.333333 ; 0.333333 ; 0.333333 ; 0.2 ; 0.333333 ; 0.333333 ; 0.333333 ; 0.333333 ; 0.333333 ; 0.333333 ; 0.333333 ; 0.333333 ; 0.333333 ; 0.333333 ; 0.333333 ; 0.333333 ; 0.333333 ; 0.333333 ; 0.333333 ; 0.333333
personne bn:00046516n ; 0.5 ; 0.333333 ; 0.5 ; 0.0714286 ; 0.0909091 ; 0.307692 ; 0.307692 ; 0.0909091 ; 0.142857 ; 0.5 ; 0.5 ; 0.2 ; 0.333333 ; 0.2 ; 0.2 ; 0.2 ; 0.166667 ; 0.266667 ; 0.142857 ; 0.142857 ; 0.333333 ; 0.5 ; 0.2 ; 0.5 ; 1 ; 0.25 ; 0.2 ; 0.5 ; 0.333333 ; 0.5 ; 0.2 ; 0.2 ; 0.153846 ; 0.2 ; 0.0714286 ; 0.2 ; 0.2 ; 0.2 ; 0.2 ; 0.142857 ; 0.142857 ; 0.2 ; 0.2 ; 0.2 ; 0.2 ; 0.2 ; 0.2 ; 0.142857 ; 0.2 ; 0.142857 ; 0.2 ; 0.2 ; 0.2 ; 0.2 ; 0.2 ; 0.2 ; 0.2 ; 0.142857 ; 0.2 ; 0.2 ; 0.5 ; 0.5 ; 0.2 ; 0.2 ; 0.2 ; 0.2 ; 0.2 ; 0.2 ; 0.5 ; 0.2 ; 0.2 ; 0.2 ; 0.2 ; 0.2
méthode post bn:00045088n ; 0.333333 ; 0.666667 ; 0.333333 ; 0.133333 ; 0.166667 ; 0.117647 ; 0.117647 ; 0.166667 ; 0.111111 ; 0.333333 ; 0.333333 ; 0.142857 ; 0.25 ; 0.142857 ; 0.142857 ; 0.142857 ; 0.333333 ; 0.105263 ; 0.111111 ; 0.25 ; 0.25 ; 0.333333 ; 0.142857 ; 0.333333 ; 0.25 ; 1 ; 0.142857 ; 0.333333 ; 0.25 ; 0.333333 ; 0.142857 ; 0.142857 ; 0.0625 ; 0.142857 ; 0.133333 ; 0.142857 ; 0.142857 ; 0.142857 ; 0.142857 ; 0.111111 ; 0.111111 ; 0.142857 ; 0.333333 ; 0.142857 ; 0.142857 ; 0.142857 ; 0.142857 ; 0.111111 ; 0.142857 ; 0.111111 ; 0.142857 ; 0.142857 ; 0.142857 ; 0.333333 ; 0.142857 ; 0.142857 ; 0.142857 ; 0.111111 ; 0.142857 ; 0.333333 ; 0.142857 ; 0.142857 ; 0.142857 ; 0.142857 ; 0.142857 ; 0.333333 ; 0.333333 ; 0.142857 ; 0.142857 ; 0.142857 ; 0.142857 ; 0.142857 ; 0.142857 ; 0.142857
fermeture bn:16858148n ; 0.333333 ; 0.2 ; 0.333333 ; 0.181818 ; 0.25 ; 0.0714286 ; 0.0714286 ; 0.25 ; 0.2 ; 0.333333 ; 0.333333 ; 0.333333 ; 0.2 ; 0.333333 ; 1 ; 0.333333 ; 0.2 ; 0.0625 ; 0.2 ; 0.5 ; 0.2 ; 0.333333 ; 1 ; 0.333333 ; 0.2 ; 0.142857 ; 1 ; 0.333333 ; 0.2 ; 0.333333 ; 0.333333 ; 0.333333 ; 0.181818 ; 1 ; 0.181818 ; 0.333333 ; 0.333333 ; 0.333333 ; 0.333333 ; 0.2 ; 0.5 ; 0.333333 ; 0.333333 ; 0.333333 ; 0.333333 ; 0.333333 ; 0.333333 ; 0.5 ; 1 ; 0.5 ; 0.333333 ; 0.333333 ; 0.333333 ; 0.333333 ; 1 ; 0.333333 ; 0.333333 ; 0.2 ; 0.333333 ; 0.333333 ; 0.333333 ; 0.333333 ; 0.333333 ; 1 ; 0.333333 ; 0.333333 ; 0.333333 ; 0.333333 ; 0.333333 ; 1 ; 1 ; 1 ; 0.333333 ; 0.333333
machine bn:00054050n ; 1 ; 0.5 ; 1 ; 0.0833333 ; 0.111111 ; 0.153846 ; 0.153846 ; 0.111111 ; 0.2 ; 1 ; 1 ; 0.333333 ; 0.5 ; 0.333333 ; 0.333333 ; 0.333333 ; 0.2 ; 0.133333 ; 0.2 ; 0.2 ; 0.5 ; 1 ; 0.333333 ; 1 ; 0.5 ; 0.333333 ; 0.333333 ; 1 ; 0.5 ; 1 ; 0.333333 ; 0.333333 ; 0.0833333 ; 0.333333 ; 0.0833333 ; 0.333333 ; 0.333333 ; 0.333333 ; 0.333333 ; 0.2 ; 0.2 ; 0.333333 ; 0.333333 ; 0.333333 ; 0.333333 ; 0.333333 ; 0.333333 ; 0.2 ; 0.333333 ; 0.2 ; 0.333333 ; 0.333333 ; 0.333333 ; 0.333333 ; 0.333333 ; 0.333333 ; 0.333333 ; 0.2 ; 0.333333 ; 0.333333 ; 0.333333 ; 0.333333 ; 0.333333 ; 0.333333 ; 0.333333 ; 0.333333 ; 0.333333 ; 0.333333 ; 0.333333 ; 0.333333 ; 0.333333 ; 0.333333 ; 0.333333 ; 0.333333
mysql bn:01225760n ; 0.5 ; 0.333333 ; 0.5 ; 0.0714286 ; 0.0909091 ; 0.307692 ; 0.307692 ; 0.0909091 ; 0.142857 ; 0.5 ; 0.5 ; 0.2 ; 0.333333 ; 0.2 ; 0.2 ; 0.2 ; 0.166667 ; 0.266667 ; 0.333333 ; 0.142857 ; 1 ; 0.5 ; 0.2 ; 0.5 ; 0.333333 ; 0.25 ; 0.2 ; 0.5 ; 1 ; 0.5 ; 0.2 ; 0.2 ; 0.153846 ; 0.2 ; 0.153846 ; 0.2 ; 0.2 ; 0.2 ; 0.2 ; 0.333333 ; 0.142857 ; 0.2 ; 0.2 ; 0.2 ; 0.2 ; 0.2 ; 0.5 ; 0.142857 ; 0.2 ; 0.142857 ; 0.2 ; 0.2 ; 0.5 ; 0.2 ; 0.2 ; 0.2 ; 0.2 ; 0.142857 ; 0.5 ; 0.2 ; 0.2 ; 0.2 ; 0.5 ; 0.2 ; 0.5 ; 0.2 ; 0.2 ; 0.2 ; 0.2 ; 0.2 ; 0.2 ; 0.2 ; 0.2 ; 0.2
salaire bn:15928884n ; 1 ; 0.5 ; 1 ; 0.0833333 ; 0.111111 ; 0.153846 ; 0.153846 ; 0.111111 ; 0.2 ; 1 ; 1 ; 0.333333 ; 0.5 ; 0.333333 ; 0.333333 ; 0.333333 ; 0.2 ; 0.133333 ; 0.2 ; 0.2 ; 0.5 ; 1 ; 0.333333 ; 1 ; 0.5 ; 0.333333 ; 0.333333 ; 1 ; 0.5 ; 1 ; 0.333333 ; 0.333333 ; 0.0833333 ; 0.333333 ; 0.0833333 ; 0.333333 ; 0.333333 ; 0.333333 ; 0.333333 ; 0.2 ; 0.2 ; 0.333333 ; 0.333333 ; 0.333333 ; 0.333333 ; 0.333333 ; 0.333333 ; 0.2 ; 0.333333 ; 0.2 ; 0.333333 ; 0.333333 ; 0.333333 ; 0.333333 ; 0.333333 ; 0.333333 ; 0.333333 ; 0.2 ; 0.333333 ; 0.333333 ; 0.333333 ; 0.333333 ; 0.333333 ; 0.333333 ; 0.333333 ; 0.333333 ; 0.333333 ; 0.333333 ; 0.333333 ; 0.333333 ; 0.333333 ; 0.333333 ; 0.333333 ; 0.333333
jour bn:00000086n ; 0.333333 ; 0.2 ; 0.333333 ; 0.0833333 ; 0.25 ; 0.153846 ; 0.153846 ; 0.25 ; 0.5 ; 0.333333 ; 0.333333 ; 0.333333 ; 0.2 ; 1 ; 0.333333 ; 0.333333 ; 0.2 ; 0.0625 ; 0.5 ; 0.2 ; 0.2 ; 0.333333 ; 0.333333 ; 0.333333 ; 0.2 ; 0.142857 ; 0.333333 ; 0.333333 ; 0.2 ; 0.333333 ; 1 ; 0.333333 ; 0.181818 ; 0.333333 ; 0.0833333 ; 0.333333 ; 0.333333 ; 0.333333 ; 0.333333 ; 0.2 ; 0.5 ; 0.333333 ; 0.333333 ; 0.333333 ; 0.333333 ; 1 ; 0.333333 ; 0.2 ; 0.333333 ; 0.2 ; 1 ; 1 ; 0.333333 ; 0.333333 ; 0.333333 ; 0.333333 ; 0.333333 ; 0.5 ; 0.333333 ; 0.333333 ; 0.333333 ; 0.333333 ; 0.333333 ; 0.333333 ; 0.333333 ; 0.333333 ; 0.333333 ; 1 ; 0.333333 ; 0.333333 ; 0.333333 ; 0.333333 ; 1 ; 1
programmation bn:00021493n ; 0.333333 ; 0.2 ; 0.333333 ; 0.181818 ; 0.111111 ; 0.0714286 ; 0.0714286 ; 0.111111 ; 0.5 ; 0.333333 ; 0.333333 ; 0.333333 ; 0.2 ; 0.333333 ; 0.333333 ; 0.333333 ; 0.0909091 ; 0.133333 ; 0.2 ; 0.2 ; 0.2 ; 0.333333 ; 0.333333 ; 0.333333 ; 0.2 ; 0.142857 ; 0.333333 ; 0.333333 ; 0.2 ; 0.333333 ; 0.333333 ; 1 ; 0.0833333 ; 0.333333 ; 0.181818 ; 0.333333 ; 0.333333 ; 0.333333 ; 0.333333 ; 0.2 ; 0.2 ; 0.333333 ; 0.333333 ; 0.333333 ; 1 ; 0.333333 ; 0.333333 ; 0.5 ; 0.333333 ; 0.5 ; 0.333333 ; 0.333333 ; 0.333333 ; 0.333333 ; 0.333333 ; 1 ; 1 ; 0.5 ; 0.333333 ; 0.333333 ; 0.333333 ; 0.333333 ; 0.333333 ; 0.333333 ; 0.333333 ; 0.333333 ; 0.333333 ; 0.333333 ; 0.333333 ; 0.333333 ; 0.333333 ; 0.333333 ; 0.333333 ; 0.333333
site bn:00047172n ; 0.0833333 ; 0.0714286 ; 0.0833333 ; 0.1 ; 0.266667 ; 0.411765 ; 0.411765 ; 0.266667 ; 0.153846 ; 0.0833333 ; 0.0833333 ; 0.0833333 ; 0.0714286 ; 0.181818 ; 0.181818 ; 0.0833333 ; 0.235294 ; 0.181818 ; 0.363636 ; 0.153846 ; 0.153846 ; 0.0833333 ; 0.181818 ; 0.0833333 ; 0.153846 ; 0.0625 ; 0.181818 ; 0.0833333 ; 0.153846 ; 0.0833333 ; 0.181818 ; 0.0833333 ; 1 ; 0.181818 ; 0.222222 ; 0.0833333 ; 0.0833333 ; 0.0833333 ; 0.0833333 ; 0.153846 ; 0.363636 ; 0.0833333 ; 0.0833333 ; 0.0833333 ; 0.0833333 ; 0.181818 ; 0.181818 ; 0.153846 ; 0.181818 ; 0.153846 ; 0.181818 ; 0.181818 ; 0.181818 ; 0.0833333 ; 0.181818 ; 0.0833333 ; 0.0833333 ; 0.153846 ; 0.181818 ; 0.0833333 ; 0.181818 ; 0.181818 ; 0.181818 ; 0.181818 ; 0.181818 ; 0.0833333 ; 0.0833333 ; 0.181818 ; 0.181818 ; 0.181818 ; 0.181818 ; 0.181818 ; 0.181818 ; 0.181818
france bn:00036202n ; 0.333333 ; 0.2 ; 0.333333 ; 0.181818 ; 0.25 ; 0.0714286 ; 0.0714286 ; 0.25 ; 0.2 ; 0.333333 ; 0.333333 ; 0.333333 ; 0.2 ; 0.333333 ; 1 ; 0.333333 ; 0.2 ; 0.0625 ; 0.2 ; 0.5 ; 0.2 ; 0.333333 ; 1 ; 0.333333 ; 0.2 ; 0.142857 ; 1 ; 0.333333 ; 0.2 ; 0.333333 ; 0.333333 ; 0.333333 ; 0.181818 ; 1 ; 0.181818 ; 0.333333 ; 0.333333 ; 0.333333 ; 0.333333 ; 0.2 ; 0.5 ; 0.333333 ; 0.333333 ; 0.333333 ; 0.333333 ; 0.333333 ; 0.333333 ; 0.5 ; 1 ; 0.5 ; 0.333333 ; 0.333333 ; 0.333333 ; 0.333333 ; 1 ; 0.333333 ; 0.333333 ; 0.2 ; 0.333333 ; 0.333333 ; 0.333333 ; 0.333333 ; 0.333333 ; 1 ; 0.333333 ; 0.333333 ; 0.333333 ; 0.333333 ; 0.333333 ; 1 ; 1 ; 1 ; 0.333333 ; 0.333333
langage de script bn:01431715n ; 0.0833333 ; 0.153846 ; 0.0833333 ; 0.466667 ; 0.117647 ; 0.0909091 ; 0.0909091 ; 0.117647 ; 0.153846 ; 0.0833333 ; 0.0833333 ; 0.0833333 ; 0.0714286 ; 0.0833333 ; 0.181818 ; 0.0833333 ; 0.235294 ; 0.181818 ; 0.153846 ; 0.363636 ; 0.153846 ; 0.0833333 ; 0.181818 ; 0.0833333 ; 0.0714286 ; 0.133333 ; 0.181818 ; 0.0833333 ; 0.153846 ; 0.0833333 ; 0.0833333 ; 0.181818 ; 0.222222 ; 0.181818 ; 1 ; 0.0833333 ; 0.0833333 ; 0.0833333 ; 0.0833333 ; 0.153846 ; 0.153846 ; 0.0833333 ; 0.181818 ; 0.0833333 ; 0.181818 ; 0.0833333 ; 0.181818 ; 0.363636 ; 0.181818 ; 0.363636 ; 0.0833333 ; 0.0833333 ; 0.181818 ; 0.0833333 ; 0.181818 ; 0.181818 ; 0.181818 ; 0.153846 ; 0.181818 ; 0.0833333 ; 0.0833333 ; 0.0833333 ; 0.181818 ; 0.181818 ; 0.181818 ; 0.0833333 ; 0.0833333 ; 0.0833333 ; 0.0833333 ; 0.181818 ; 0.181818 ; 0.181818 ; 0.0833333 ; 0.0833333
interpréter bn:00089840v ; 0.333333 ; 0.2 ; 0.333333 ; 0.181818 ; 0.25 ; 0.0714286 ; 0.0714286 ; 0.25 ; 0.2 ; 0.333333 ; 0.333333 ; 1 ; 0.5 ; 0.333333 ; 0.333333 ; 1 ; 0.0909091 ; 0.133333 ; 0.2 ; 0.2 ; 0.2 ; 0.333333 ; 0.333333 ; 0.333333 ; 0.2 ; 0.142857 ; 0.333333 ; 0.333333 ; 0.2 ; 0.333333 ; 0.333333 ; 0.333333 ; 0.0833333 ; 0.333333 ; 0.0833333 ; 1 ; 1 ; 1 ; 1 ; 0.5 ; 0.2 ; 1 ; 0.333333 ; 1 ; 0.333333 ; 0.333333 ; 0.333333 ; 0.2 ; 0.333333 ; 0.2 ; 0.333333 ; 0.333333 ; 0.333333 ; 0.333333 ; 0.333333 ; 0.333333 ; 0.333333 ; 0.2 ; 0.333333 ; 0.333333 ; 0.333333 ; 0.333333 ; 0.333333 ; 0.333333 ; 0.333333 ; 0.333333 ; 0.333333 ; 0.333333 ; 0.333333 ; 0.333333 ; 0.333333 ; 0.333333 ; 0.333333 ; 0.333333
côté serveur bn:03816678n ; 0.333333 ; 0.2 ; 0.333333 ; 0.181818 ; 0.25 ; 0.0714286 ; 0.0714286 ; 0.25 ; 0.2 ; 0.333333 ; 0.333333 ; 1 ; 0.5 ; 0.333333 ; 0.333333 ; 1 ; 0.0909091 ; 0.133333 ; 0.2 ; 0.2 ; 0.2 ; 0.333333 ; 0.333333 ; 0.333333 ; 0.2 ; 0.142857 ; 0.333333 ; 0.333333 ; 0.2 ; 0.333333 ; 0.333333 ; 0.333333 ; 0.0833333 ; 0.333333 ; 0.0833333 ; 1 ; 1 ; 1 ; 1 ; 0.5 ; 0.2 ; 1 ; 0.333333 ; 1 ; 0.333333 ; 0.333333 ; 0.333333 ; 0.2 ; 0.333333 ; 0.2 ; 0.333333 ; 0.333333 ; 0.333333 ; 0.333333 ; 0.333333 ; 0.333333 ; 0.333333 ; 0.2 ; 0.333333 ; 0.333333 ; 0.333333 ; 0.333333 ; 0.333333 ; 0.333333 ; 0.333333 ; 0.333333 ; 0.333333 ; 0.333333 ; 0.333333 ; 0.333333 ; 0.333333 ; 0.333333 ; 0.333333 ; 0.333333
serveur bn:00044916n ; 0.333333 ; 0.2 ; 0.333333 ; 0.181818 ; 0.25 ; 0.0714286 ; 0.0714286 ; 0.25 ; 0.2 ; 0.333333 ; 0.333333 ; 1 ; 0.5 ; 0.333333 ; 0.333333 ; 1 ; 0.0909091 ; 0.133333 ; 0.2 ; 0.2 ; 0.2 ; 0.333333 ; 0.333333 ; 0.333333 ; 0.2 ; 0.142857 ; 0.333333 ; 0.333333 ; 0.2 ; 0.333333 ; 0.333333 ; 0.333333 ; 0.0833333 ; 0.333333 ; 0.0833333 ; 1 ; 1 ; 1 ; 1 ; 0.5 ; 0.2 ; 1 ; 0.333333 ; 1 ; 0.333333 ; 0.333333 ; 0.333333 ; 0.2 ; 0.333333 ; 0.2 ; 0.333333 ; 0.333333 ; 0.333333 ; 0.333333 ; 0.333333 ; 0.333333 ; 0.333333 ; 0.2 ; 0.333333 ; 0.333333 ; 0.333333 ; 0.333333 ; 0.333333 ; 0.333333 ; 0.333333 ; 0.333333 ; 0.333333 ; 0.333333 ; 0.333333 ; 0.333333 ; 0.333333 ; 0.333333 ; 0.333333 ; 0.333333
côté client bn:03163702n ; 0.333333 ; 0.2 ; 0.333333 ; 0.181818 ; 0.25 ; 0.0714286 ; 0.0714286 ; 0.25 ; 0.2 ; 0.333333 ; 0.333333 ; 1 ; 0.5 ; 0.333333 ; 0.333333 ; 1 ; 0.0909091 ; 0.133333 ; 0.2 ; 0.2 ; 0.2 ; 0.333333 ; 0.333333 ; 0.333333 ; 0.2 ; 0.142857 ; 0.333333 ; 0.333333 ; 0.2 ; 0.333333 ; 0.333333 ; 0.333333 ; 0.0833333 ; 0.333333 ; 0.0833333 ; 1 ; 1 ; 1 ; 1 ; 0.5 ; 0.2 ; 1 ; 0.333333 ; 1 ; 0.333333 ; 0.333333 ; 0.333333 ; 0.2 ; 0.333333 ; 0.2 ; 0.333333 ; 0.333333 ; 0.333333 ; 0.333333 ; 0.333333 ; 0.333333 ; 0.333333 ; 0.2 ; 0.333333 ; 0.333333 ; 0.333333 ; 0.333333 ; 0.333333 ; 0.333333 ; 0.333333 ; 0.333333 ; 0.333333 ; 0.333333 ; 0.333333 ; 0.333333 ; 0.333333 ; 0.333333 ; 0.333333 ; 0.333333
typage bn:00016413n ; 0.2 ; 0.142857 ; 0.2 ; 0.153846 ; 0.2 ; 0.133333 ; 0.133333 ; 0.2 ; 0.142857 ; 0.2 ; 0.2 ; 0.5 ; 0.333333 ; 0.2 ; 0.2 ; 0.5 ; 0.0769231 ; 0.266667 ; 0.333333 ; 0.142857 ; 0.333333 ; 0.2 ; 0.2 ; 0.2 ; 0.142857 ; 0.111111 ; 0.2 ; 0.2 ; 0.333333 ; 0.2 ; 0.2 ; 0.2 ; 0.153846 ; 0.2 ; 0.153846 ; 0.5 ; 0.5 ; 0.5 ; 0.5 ; 1 ; 0.142857 ; 0.5 ; 0.2 ; 0.5 ; 0.2 ; 0.2 ; 0.5 ; 0.142857 ; 0.2 ; 0.142857 ; 0.2 ; 0.2 ; 0.5 ; 0.2 ; 0.2 ; 0.2 ; 0.2 ; 0.142857 ; 0.5 ; 0.2 ; 0.2 ; 0.2 ; 0.5 ; 0.2 ; 0.5 ; 0.2 ; 0.2 ; 0.2 ; 0.2 ; 0.2 ; 0.2 ; 0.2 ; 0.2 ; 0.2
foreach bn:03463379n ; 0.2 ; 0.142857 ; 0.2 ; 0.153846 ; 0.5 ; 0.133333 ; 0.133333 ; 0.5 ; 0.333333 ; 0.2 ; 0.2 ; 0.2 ; 0.142857 ; 0.5 ; 0.5 ; 0.2 ; 0.4 ; 0.0555556 ; 0.333333 ; 0.333333 ; 0.142857 ; 0.2 ; 0.5 ; 0.2 ; 0.142857 ; 0.111111 ; 0.5 ; 0.2 ; 0.142857 ; 0.2 ; 0.5 ; 0.2 ; 0.363636 ; 0.5 ; 0.153846 ; 0.2 ; 0.2 ; 0.2 ; 0.2 ; 0.142857 ; 1 ; 0.2 ; 0.2 ; 0.2 ; 0.2 ; 0.5 ; 0.2 ; 0.333333 ; 0.5 ; 0.333333 ; 0.5 ; 0.5 ; 0.2 ; 0.2 ; 0.5 ; 0.2 ; 0.2 ; 0.333333 ; 0.2 ; 0.2 ; 0.2 ; 0.2 ; 0.2 ; 0.5 ; 0.2 ; 0.2 ; 0.2 ; 0.5 ; 0.2 ; 0.5 ; 0.5 ; 0.5 ; 0.5 ; 0.5
pointeur bn:03222272n ; 0.333333 ; 0.2 ; 0.333333 ; 0.181818 ; 0.25 ; 0.0714286 ; 0.0714286 ; 0.25 ; 0.2 ; 0.333333 ; 0.333333 ; 1 ; 0.5 ; 0.333333 ; 0.333333 ; 1 ; 0.0909091 ; 0.133333 ; 0.2 ; 0.2 ; 0.2 ; 0.333333 ; 0.333333 ; 0.333333 ; 0.2 ; 0.142857 ; 0.333333 ; 0.333333 ; 0.2 ; 0.333333 ; 0.333333 ; 0.333333 ; 0.0833333 ; 0.333333 ; 0.0833333 ; 1 ; 1 ; 1 ; 1 ; 0.5 ; 0.2 ; 1 ; 0.333333 ; 1 ; 0.333333 ; 0.333333 ; 0.333333 ; 0.2 ; 0.333333 ; 0.2 ; 0.333333 ; 0.333333 ; 0.333333 ; 0.333333 ; 0.333333 ; 0.333333 ; 0.333333 ; 0.2 ; 0.333333 ; 0.333333 ; 0.333333 ; 0.333333 ; 0.333333 ; 0.333333 ; 0.333333 ; 0.333333 ; 0.333333 ; 0.333333 ; 0.333333 ; 0.333333 ; 0.333333 ; 0.333333 ; 0.333333 ; 0.333333
list bn:04720346n ; 0.333333 ; 0.5 ; 0.333333 ; 0.181818 ; 0.111111 ; 0.0714286 ; 0.0714286 ; 0.111111 ; 0.2 ; 0.333333 ; 0.333333 ; 0.333333 ; 0.2 ; 0.333333 ; 0.333333 ; 0.333333 ; 0.2 ; 0.0625 ; 0.2 ; 0.5 ; 0.2 ; 0.333333 ; 0.333333 ; 0.333333 ; 0.2 ; 0.333333 ; 0.333333 ; 0.333333 ; 0.2 ; 0.333333 ; 0.333333 ; 0.333333 ; 0.0833333 ; 0.333333 ; 0.181818 ; 0.333333 ; 0.333333 ; 0.333333 ; 0.333333 ; 0.2 ; 0.2 ; 0.333333 ; 1 ; 0.333333 ; 0.333333 ; 0.333333 ; 0.333333 ; 0.2 ; 0.333333 ; 0.2 ; 0.333333 ; 0.333333 ; 0.333333 ; 0.333333 ; 0.333333 ; 0.333333 ; 0.333333 ; 0.2 ; 0.333333 ; 0.333333 ; 0.333333 ; 0.333333 ; 0.333333 ; 0.333333 ; 0.333333 ; 0.333333 ; 0.333333 ; 0.333333 ; 0.333333 ; 0.333333 ; 0.333333 ; 0.333333 ; 0.333333 ; 0.333333
casse bn:03225002n ; 0.333333 ; 0.2 ; 0.333333 ; 0.181818 ; 0.25 ; 0.0714286 ; 0.0714286 ; 0.25 ; 0.2 ; 0.333333 ; 0.333333 ; 1 ; 0.5 ; 0.333333 ; 0.333333 ; 1 ; 0.0909091 ; 0.133333 ; 0.2 ; 0.2 ; 0.2 ; 0.333333 ; 0.333333 ; 0.333333 ; 0.2 ; 0.142857 ; 0.333333 ; 0.333333 ; 0.2 ; 0.333333 ; 0.333333 ; 0.333333 ; 0.0833333 ; 0.333333 ; 0.0833333 ; 1 ; 1 ; 1 ; 1 ; 0.5 ; 0.2 ; 1 ; 0.333333 ; 1 ; 0.333333 ; 0.333333 ; 0.333333 ; 0.2 ; 0.333333 ; 0.2 ; 0.333333 ; 0.333333 ; 0.333333 ; 0.333333 ; 0.333333 ; 0.333333 ; 0.333333 ; 0.2 ; 0.333333 ; 0.333333 ; 0.333333 ; 0.333333 ; 0.333333 ; 0.333333 ; 0.333333 ; 0.333333 ; 0.333333 ; 0.333333 ; 0.333333 ; 0.333333 ; 0.333333 ; 0.333333 ; 0.333333 ; 0.333333
méthode bn:01641329n ; 0.333333 ; 0.2 ; 0.333333 ; 0.181818 ; 0.111111 ; 0.0714286 ; 0.0714286 ; 0.111111 ; 0.5 ; 0.333333 ; 0.333333 ; 0.333333 ; 0.2 ; 0.333333 ; 0.333333 ; 0.333333 ; 0.0909091 ; 0.133333 ; 0.2 ; 0.2 ; 0.2 ; 0.333333 ; 0.333333 ; 0.333333 ; 0.2 ; 0.142857 ; 0.333333 ; 0.333333 ; 0.2 ; 0.333333 ; 0.333333 ; 1 ; 0.0833333 ; 0.333333 ; 0.181818 ; 0.333333 ; 0.333333 ; 0.333333 ; 0.333333 ; 0.2 ; 0.2 ; 0.333333 ; 0.333333 ; 0.333333 ; 1 ; 0.333333 ; 0.333333 ; 0.5 ; 0.333333 ; 0.5 ; 0.333333 ; 0.333333 ; 0.333333 ; 0.333333 ; 0.333333 ; 1 ; 1 ; 0.5 ; 0.333333 ; 0.333333 ; 0.333333 ; 0.333333 ; 0.333333 ; 0.333333 ; 0.333333 ; 0.333333 ; 0.333333 ; 0.333333 ; 0.333333 ; 0.333333 ; 0.333333 ; 0.333333 ; 0.333333 ; 0.333333
cle bn:04756252n ; 0.333333 ; 0.2 ; 0.333333 ; 0.0833333 ; 0.25 ; 0.153846 ; 0.153846 ; 0.25 ; 0.5 ; 0.333333 ; 0.333333 ; 0.333333 ; 0.2 ; 1 ; 0.333333 ; 0.333333 ; 0.2 ; 0.0625 ; 0.5 ; 0.2 ; 0.2 ; 0.333333 ; 0.333333 ; 0.333333 ; 0.2 ; 0.142857 ; 0.333333 ; 0.333333 ; 0.2 ; 0.333333 ; 1 ; 0.333333 ; 0.181818 ; 0.333333 ; 0.0833333 ; 0.333333 ; 0.333333 ; 0.333333 ; 0.333333 ; 0.2 ; 0.5 ; 0.333333 ; 0.333333 ; 0.333333 ; 0.333333 ; 1 ; 0.333333 ; 0.2 ; 0.333333 ; 0.2 ; 1 ; 1 ; 0.333333 ; 0.333333 ; 0.333333 ; 0.333333 ; 0.333333 ; 0.5 ; 0.333333 ; 0.333333 ; 0.333333 ; 0.333333 ; 0.333333 ; 0.333333 ; 0.333333 ; 0.333333 ; 0.333333 ; 1 ; 0.333333 ; 0.333333 ; 0.333333 ; 0.333333 ; 1 ; 1
mot bn:00081546n ; 0.333333 ; 0.2 ; 0.333333 ; 0.0833333 ; 0.111111 ; 0.153846 ; 0.153846 ; 0.111111 ; 0.2 ; 0.333333 ; 0.333333 ; 0.333333 ; 0.2 ; 0.333333 ; 0.333333 ; 0.333333 ; 0.0909091 ; 0.133333 ; 0.5 ; 0.2 ; 0.5 ; 0.333333 ; 0.333333 ; 0.333333 ; 0.2 ; 0.142857 ; 0.333333 ; 0.333333 ; 0.5 ; 0.333333 ; 0.333333 ; 0.333333 ; 0.181818 ; 0.333333 ; 0.181818 ; 0.333333 ; 0.333333 ; 0.333333 ; 0.333333 ; 0.5 ; 0.2 ; 0.333333 ; 0.333333 ; 0.333333 ; 0.333333 ; 0.333333 ; 1 ; 0.2 ; 0.333333 ; 0.2 ; 0.333333 ; 0.333333 ; 1 ; 0.333333 ; 0.333333 ; 0.333333 ; 0.333333 ; 0.2 ; 1 ; 0.333333 ; 0.333333 ; 0.333333 ; 1 ; 0.333333 ; 1 ; 0.333333 ; 0.333333 ; 0.333333 ; 0.333333 ; 0.333333 ; 0.333333 ; 0.333333 ; 0.333333 ; 0.333333
timestamp bn:03603649n ; 0.2 ; 0.142857 ; 0.2 ; 0.363636 ; 0.2 ; 0.0625 ; 0.0625 ; 0.2 ; 0.333333 ; 0.2 ; 0.2 ; 0.2 ; 0.142857 ; 0.2 ; 0.5 ; 0.2 ; 0.166667 ; 0.117647 ; 0.142857 ; 0.333333 ; 0.142857 ; 0.2 ; 0.5 ; 0.2 ; 0.142857 ; 0.111111 ; 0.5 ; 0.2 ; 0.142857 ; 0.2 ; 0.2 ; 0.5 ; 0.153846 ; 0.5 ; 0.363636 ; 0.2 ; 0.2 ; 0.2 ; 0.2 ; 0.142857 ; 0.333333 ; 0.2 ; 0.2 ; 0.2 ; 0.5 ; 0.2 ; 0.2 ; 1 ; 0.5 ; 1 ; 0.2 ; 0.2 ; 0.2 ; 0.2 ; 0.5 ; 0.5 ; 0.5 ; 0.333333 ; 0.2 ; 0.2 ; 0.2 ; 0.2 ; 0.2 ; 0.5 ; 0.2 ; 0.2 ; 0.2 ; 0.2 ; 0.2 ; 0.5 ; 0.5 ; 0.5 ; 0.2 ; 0.2
session bn:03751534n ; 0.333333 ; 0.2 ; 0.333333 ; 0.181818 ; 0.25 ; 0.0714286 ; 0.0714286 ; 0.25 ; 0.2 ; 0.333333 ; 0.333333 ; 0.333333 ; 0.2 ; 0.333333 ; 1 ; 0.333333 ; 0.2 ; 0.0625 ; 0.2 ; 0.5 ; 0.2 ; 0.333333 ; 1 ; 0.333333 ; 0.2 ; 0.142857 ; 1 ; 0.333333 ; 0.2 ; 0.333333 ; 0.333333 ; 0.333333 ; 0.181818 ; 1 ; 0.181818 ; 0.333333 ; 0.333333 ; 0.333333 ; 0.333333 ; 0.2 ; 0.5 ; 0.333333 ; 0.333333 ; 0.333333 ; 0.333333 ; 0.333333 ; 0.333333 ; 0.5 ; 1 ; 0.5 ; 0.333333 ; 0.333333 ; 0.333333 ; 0.333333 ; 1 ; 0.333333 ; 0.333333 ; 0.2 ; 0.333333 ; 0.333333 ; 0.333333 ; 0.333333 ; 0.333333 ; 1 ; 0.333333 ; 0.333333 ; 0.333333 ; 0.333333 ; 0.333333 ; 1 ; 1 ; 1 ; 0.333333 ; 0.333333
chaîne bn:00074685n ; 0.2 ; 0.142857 ; 0.2 ; 0.363636 ; 0.2 ; 0.0625 ; 0.0625 ; 0.2 ; 0.333333 ; 0.2 ; 0.2 ; 0.2 ; 0.142857 ; 0.2 ; 0.5 ; 0.2 ; 0.166667 ; 0.117647 ; 0.142857 ; 0.333333 ; 0.142857 ; 0.2 ; 0.5 ; 0.2 ; 0.142857 ; 0.111111 ; 0.5 ; 0.2 ; 0.142857 ; 0.2 ; 0.2 ; 0.5 ; 0.153846 ; 0.5 ; 0.363636 ; 0.2 ; 0.2 ; 0.2 ; 0.2 ; 0.142857 ; 0.333333 ; 0.2 ; 0.2 ; 0.2 ; 0.5 ; 0.2 ; 0.2 ; 1 ; 0.5 ; 1 ; 0.2 ; 0.2 ; 0.2 ; 0.2 ; 0.5 ; 0.5 ; 0.5 ; 0.333333 ; 0.2 ; 0.2 ; 0.2 ; 0.2 ; 0.2 ; 0.5 ; 0.2 ; 0.2 ; 0.2 ; 0.2 ; 0.2 ; 0.5 ; 0.5 ; 0.5 ; 0.2 ; 0.2
opérateur bn:16281811n ; 0.333333 ; 0.2 ; 0.333333 ; 0.0833333 ; 0.25 ; 0.153846 ; 0.153846 ; 0.25 ; 0.5 ; 0.333333 ; 0.333333 ; 0.333333 ; 0.2 ; 1 ; 0.333333 ; 0.333333 ; 0.2 ; 0.0625 ; 0.5 ; 0.2 ; 0.2 ; 0.333333 ; 0.333333 ; 0.333333 ; 0.2 ; 0.142857 ; 0.333333 ; 0.333333 ; 0.2 ; 0.333333 ; 1 ; 0.333333 ; 0.181818 ; 0.333333 ; 0.0833333 ; 0.333333 ; 0.333333 ; 0.333333 ; 0.333333 ; 0.2 ; 0.5 ; 0.333333 ; 0.333333 ; 0.333333 ; 0.333333 ; 1 ; 0.333333 ; 0.2 ; 0.333333 ; 0.2 ; 1 ; 1 ; 0.333333 ; 0.333333 ; 0.333333 ; 0.333333 ; 0.333333 ; 0.5 ; 0.333333 ; 0.333333 ; 0.333333 ; 0.333333 ; 0.333333 ; 0.333333 ; 0.333333 ; 0.333333 ; 0.333333 ; 1 ; 0.333333 ; 0.333333 ; 0.333333 ; 0.333333 ; 1 ; 1
classe bn:03608262n ; 0.333333 ; 0.2 ; 0.333333 ; 0.0833333 ; 0.25 ; 0.153846 ; 0.153846 ; 0.25 ; 0.5 ; 0.333333 ; 0.333333 ; 0.333333 ; 0.2 ; 1 ; 0.333333 ; 0.333333 ; 0.2 ; 0.0625 ; 0.5 ; 0.2 ; 0.2 ; 0.333333 ; 0.333333 ; 0.333333 ; 0.2 ; 0.142857 ; 0.333333 ; 0.333333 ; 0.2 ; 0.333333 ; 1 ; 0.333333 ; 0.181818 ; 0.333333 ; 0.0833333 ; 0.333333 ; 0.333333 ; 0.333333 ; 0.333333 ; 0.2 ; 0.5 ; 0.333333 ; 0.333333 ; 0.333333 ; 0.333333 ; 1 ; 0.333333 ; 0.2 ; 0.333333 ; 0.2 ; 1 ; 1 ; 0.333333 ; 0.333333 ; 0.333333 ; 0.333333 ; 0.333333 ; 0.5 ; 0.333333 ; 0.333333 ; 0.333333 ; 0.333333 ; 0.333333 ; 0.333333 ; 0.333333 ; 0.333333 ; 0.333333 ; 1 ; 0.333333 ; 0.333333 ; 0.333333 ; 0.333333 ; 1 ; 1
moteur bn:00030850n ; 0.333333 ; 0.2 ; 0.333333 ; 0.0833333 ; 0.111111 ; 0.153846 ; 0.153846 ; 0.111111 ; 0.2 ; 0.333333 ; 0.333333 ; 0.333333 ; 0.2 ; 0.333333 ; 0.333333 ; 0.333333 ; 0.0909091 ; 0.133333 ; 0.5 ; 0.2 ; 0.5 ; 0.333333 ; 0.333333 ; 0.333333 ; 0.2 ; 0.142857 ; 0.333333 ; 0.333333 ; 0.5 ; 0.333333 ; 0.333333 ; 0.333333 ; 0.181818 ; 0.333333 ; 0.181818 ; 0.333333 ; 0.333333 ; 0.333333 ; 0.333333 ; 0.5 ; 0.2 ; 0.333333 ; 0.333333 ; 0.333333 ; 0.333333 ; 0.333333 ; 1 ; 0.2 ; 0.333333 ; 0.2 ; 0.333333 ; 0.333333 ; 1 ; 0.333333 ; 0.333333 ; 0.333333 ; 0.333333 ; 0.2 ; 1 ; 0.333333 ; 0.333333 ; 0.333333 ; 1 ; 0.333333 ; 1 ; 0.333333 ; 0.333333 ; 0.333333 ; 0.333333 ; 0.333333 ; 0.333333 ; 0.333333 ; 0.333333 ; 0.333333
xml bn:02771436n ; 0.333333 ; 0.2 ; 0.333333 ; 0.0833333 ; 0.25 ; 0.0714286 ; 0.0714286 ; 0.25 ; 0.2 ; 0.333333 ; 0.333333 ; 0.333333 ; 0.2 ; 0.333333 ; 0.333333 ; 0.333333 ; 0.0909091 ; 0.0625 ; 0.2 ; 0.2 ; 0.2 ; 0.333333 ; 0.333333 ; 0.333333 ; 0.2 ; 0.333333 ; 0.333333 ; 0.333333 ; 0.2 ; 0.333333 ; 0.333333 ; 0.333333 ; 0.0833333 ; 0.333333 ; 0.0833333 ; 0.333333 ; 0.333333 ; 0.333333 ; 0.333333 ; 0.2 ; 0.2 ; 0.333333 ; 0.333333 ; 0.333333 ; 0.333333 ; 0.333333 ; 0.333333 ; 0.2 ; 0.333333 ; 0.2 ; 0.333333 ; 0.333333 ; 0.333333 ; 1 ; 0.333333 ; 0.333333 ; 0.333333 ; 0.2 ; 0.333333 ; 1 ; 0.333333 ; 0.333333 ; 0.333333 ; 0.333333 ; 0.333333 ; 1 ; 1 ; 0.333333 ; 0.333333 ; 0.333333 ; 0.333333 ; 0.333333 ; 0.333333 ; 0.333333
entête bn:00043309n ; 0.333333 ; 0.2 ; 0.333333 ; 0.181818 ; 0.25 ; 0.0714286 ; 0.0714286 ; 0.25 ; 0.2 ; 0.333333 ; 0.333333 ; 0.333333 ; 0.2 ; 0.333333 ; 1 ; 0.333333 ; 0.2 ; 0.0625 ; 0.2 ; 0.5 ; 0.2 ; 0.333333 ; 1 ; 0.333333 ; 0.2 ; 0.142857 ; 1 ; 0.333333 ; 0.2 ; 0.333333 ; 0.333333 ; 0.333333 ; 0.181818 ; 1 ; 0.181818 ; 0.333333 ; 0.333333 ; 0.333333 ; 0.333333 ; 0.2 ; 0.5 ; 0.333333 ; 0.333333 ; 0.333333 ; 0.333333 ; 0.333333 ; 0.333333 ; 0.5 ; 1 ; 0.5 ; 0.333333 ; 0.333333 ; 0.333333 ; 0.333333 ; 1 ; 0.333333 ; 0.333333 ; 0.2 ; 0.333333 ; 0.333333 ; 0.333333 ; 0.333333 ; 0.333333 ; 1 ; 0.333333 ; 0.333333 ; 0.333333 ; 0.333333 ; 0.333333 ; 1 ; 1 ; 1 ; 0.333333 ; 0.333333
echo bn:03626250n ; 0.333333 ; 0.2 ; 0.333333 ; 0.181818 ; 0.111111 ; 0.0714286 ; 0.0714286 ; 0.111111 ; 0.5 ; 0.333333 ; 0.333333 ; 0.333333 ; 0.2 ; 0.333333 ; 0.333333 ; 0.333333 ; 0.0909091 ; 0.133333 ; 0.2 ; 0.2 ; 0.2 ; 0.333333 ; 0.333333 ; 0.333333 ; 0.2 ; 0.142857 ; 0.333333 ; 0.333333 ; 0.2 ; 0.333333 ; 0.333333 ; 1 ; 0.0833333 ; 0.333333 ; 0.181818 ; 0.333333 ; 0.333333 ; 0.333333 ; 0.333333 ; 0.2 ; 0.2 ; 0.333333 ; 0.333333 ; 0.333333 ; 1 ; 0.333333 ; 0.333333 ; 0.5 ; 0.333333 ; 0.5 ; 0.333333 ; 0.333333 ; 0.333333 ; 0.333333 ; 0.333333 ; 1 ; 1 ; 0.5 ; 0.333333 ; 0.333333 ; 0.333333 ; 0.333333 ; 0.333333 ; 0.333333 ; 0.333333 ; 0.333333 ; 0.333333 ; 0.333333 ; 0.333333 ; 0.333333 ; 0.333333 ; 0.333333 ; 0.333333 ; 0.333333
files bn:00065682n ; 0.333333 ; 0.2 ; 0.333333 ; 0.181818 ; 0.111111 ; 0.0714286 ; 0.0714286 ; 0.111111 ; 0.5 ; 0.333333 ; 0.333333 ; 0.333333 ; 0.2 ; 0.333333 ; 0.333333 ; 0.333333 ; 0.0909091 ; 0.133333 ; 0.2 ; 0.2 ; 0.2 ; 0.333333 ; 0.333333 ; 0.333333 ; 0.2 ; 0.142857 ; 0.333333 ; 0.333333 ; 0.2 ; 0.333333 ; 0.333333 ; 1 ; 0.0833333 ; 0.333333 ; 0.181818 ; 0.333333 ; 0.333333 ; 0.333333 ; 0.333333 ; 0.2 ; 0.2 ; 0.333333 ; 0.333333 ; 0.333333 ; 1 ; 0.333333 ; 0.333333 ; 0.5 ; 0.333333 ; 0.5 ; 0.333333 ; 0.333333 ; 0.333333 ; 0.333333 ; 0.333333 ; 1 ; 1 ; 0.5 ; 0.333333 ; 0.333333 ; 0.333333 ; 0.333333 ; 0.333333 ; 0.333333 ; 0.333333 ; 0.333333 ; 0.333333 ; 0.333333 ; 0.333333 ; 0.333333 ; 0.333333 ; 0.333333 ; 0.333333 ; 0.333333
class bn:03598962n ; 0.2 ; 0.142857 ; 0.2 ; 0.153846 ; 0.2 ; 0.133333 ; 0.133333 ; 0.2 ; 1 ; 0.2 ; 0.2 ; 0.2 ; 0.142857 ; 0.5 ; 0.2 ; 0.2 ; 0.166667 ; 0.117647 ; 0.333333 ; 0.142857 ; 0.142857 ; 0.2 ; 0.2 ; 0.2 ; 0.142857 ; 0.111111 ; 0.2 ; 0.2 ; 0.142857 ; 0.2 ; 0.5 ; 0.5 ; 0.153846 ; 0.2 ; 0.153846 ; 0.2 ; 0.2 ; 0.2 ; 0.2 ; 0.142857 ; 0.333333 ; 0.2 ; 0.2 ; 0.2 ; 0.5 ; 0.5 ; 0.2 ; 0.333333 ; 0.2 ; 0.333333 ; 0.5 ; 0.5 ; 0.2 ; 0.2 ; 0.2 ; 0.5 ; 0.5 ; 1 ; 0.2 ; 0.2 ; 0.2 ; 0.2 ; 0.2 ; 0.2 ; 0.2 ; 0.2 ; 0.2 ; 0.5 ; 0.2 ; 0.2 ; 0.2 ; 0.2 ; 0.5 ; 0.5
affiche bn:00087013v ; 0.333333 ; 0.2 ; 0.333333 ; 0.0833333 ; 0.111111 ; 0.153846 ; 0.153846 ; 0.111111 ; 0.2 ; 0.333333 ; 0.333333 ; 0.333333 ; 0.2 ; 0.333333 ; 0.333333 ; 0.333333 ; 0.0909091 ; 0.133333 ; 0.5 ; 0.2 ; 0.5 ; 0.333333 ; 0.333333 ; 0.333333 ; 0.2 ; 0.142857 ; 0.333333 ; 0.333333 ; 0.5 ; 0.333333 ; 0.333333 ; 0.333333 ; 0.181818 ; 0.333333 ; 0.181818 ; 0.333333 ; 0.333333 ; 0.333333 ; 0.333333 ; 0.5 ; 0.2 ; 0.333333 ; 0.333333 ; 0.333333 ; 0.333333 ; 0.333333 ; 1 ; 0.2 ; 0.333333 ; 0.2 ; 0.333333 ; 0.333333 ; 1 ; 0.333333 ; 0.333333 ; 0.333333 ; 0.333333 ; 0.2 ; 1 ; 0.333333 ; 0.333333 ; 0.333333 ; 1 ; 0.333333 ; 1 ; 0.333333 ; 0.333333 ; 0.333333 ; 0.333333 ; 0.333333 ; 0.333333 ; 0.333333 ; 0.333333 ; 0.333333
configuration bn:03088982n ; 0.333333 ; 0.2 ; 0.333333 ; 0.0833333 ; 0.25 ; 0.0714286 ; 0.0714286 ; 0.25 ; 0.2 ; 0.333333 ; 0.333333 ; 0.333333 ; 0.2 ; 0.333333 ; 0.333333 ; 0.333333 ; 0.0909091 ; 0.0625 ; 0.2 ; 0.2 ; 0.2 ; 0.333333 ; 0.333333 ; 0.333333 ; 0.2 ; 0.333333 ; 0.333333 ; 0.333333 ; 0.2 ; 0.333333 ; 0.333333 ; 0.333333 ; 0.0833333 ; 0.333333 ; 0.0833333 ; 0.333333 ; 0.333333 ; 0.333333 ; 0.333333 ; 0.2 ; 0.2 ; 0.333333 ; 0.333333 ; 0.333333 ; 0.333333 ; 0.333333 ; 0.333333 ; 0.2 ; 0.333333 ; 0.2 ; 0.333333 ; 0.333333 ; 0.333333 ; 1 ; 0.333333 ; 0.333333 ; 0.333333 ; 0.2 ; 0.333333 ; 1 ; 0.333333 ; 0.333333 ; 0.333333 ; 0.333333 ; 0.333333 ; 1 ; 1 ; 0.333333 ; 0.333333 ; 0.333333 ; 0.333333 ; 0.333333 ; 0.333333 ; 0.333333
insert bn:03795444n ; 0.333333 ; 0.2 ; 0.333333 ; 0.0833333 ; 0.111111 ; 0.153846 ; 0.153846 ; 0.111111 ; 0.2 ; 0.333333 ; 0.333333 ; 0.333333 ; 0.2 ; 0.333333 ; 0.333333 ; 0.333333 ; 0.0909091 ; 0.133333 ; 0.2 ; 0.2 ; 0.2 ; 0.333333 ; 0.333333 ; 0.333333 ; 0.5 ; 0.142857 ; 0.333333 ; 0.333333 ; 0.2 ; 0.333333 ; 0.333333 ; 0.333333 ; 0.181818 ; 0.333333 ; 0.0833333 ; 0.333333 ; 0.333333 ; 0.333333 ; 0.333333 ; 0.2 ; 0.2 ; 0.333333 ; 0.333333 ; 0.333333 ; 0.333333 ; 0.333333 ; 0.333333 ; 0.2 ; 0.333333 ; 0.2 ; 0.333333 ; 0.333333 ; 0.333333 ; 0.333333 ; 0.333333 ; 0.333333 ; 0.333333 ; 0.2 ; 0.333333 ; 0.333333 ; 1 ; 1 ; 0.333333 ; 0.333333 ; 0.333333 ; 0.333333 ; 0.333333 ; 0.333333 ; 1 ; 0.333333 ; 0.333333 ; 0.333333 ; 0.333333 ; 0.333333
varchar bn:01838409n ; 0.333333 ; 0.2 ; 0.333333 ; 0.0833333 ; 0.111111 ; 0.153846 ; 0.153846 ; 0.111111 ; 0.2 ; 0.333333 ; 0.333333 ; 0.333333 ; 0.2 ; 0.333333 ; 0.333333 ; 0.333333 ; 0.0909091 ; 0.133333 ; 0.2 ; 0.2 ; 0.2 ; 0.333333 ; 0.333333 ; 0.333333 ; 0.5 ; 0.142857 ; 0.333333 ; 0.333333 ; 0.2 ; 0.333333 ; 0.333333 ; 0.333333 ; 0.181818 ; 0.333333 ; 0.0833333 ; 0.333333 ; 0.333333 ; 0.333333 ; 0.333333 ; 0.2 ; 0.2 ; 0.333333 ; 0.333333 ; 0.333333 ; 0.333333 ; 0.333333 ; 0.333333 ; 0.2 ; 0.333333 ; 0.2 ; 0.333333 ; 0.333333 ; 0.333333 ; 0.333333 ; 0.333333 ; 0.333333 ; 0.333333 ; 0.2 ; 0.333333 ; 0.333333 ; 1 ; 1 ; 0.333333 ; 0.333333 ; 0.333333 ; 0.333333 ; 0.333333 ; 0.333333 ; 1 ; 0.333333 ; 0.333333 ; 0.333333 ; 0.333333 ; 0.333333
transaction bn:01403911n ; 0.333333 ; 0.2 ; 0.333333 ; 0.0833333 ; 0.111111 ; 0.153846 ; 0.153846 ; 0.111111 ; 0.2 ; 0.333333 ; 0.333333 ; 0.333333 ; 0.2 ; 0.333333 ; 0.333333 ; 0.333333 ; 0.0909091 ; 0.133333 ; 0.5 ; 0.2 ; 0.5 ; 0.333333 ; 0.333333 ; 0.333333 ; 0.2 ; 0.142857 ; 0.333333 ; 0.333333 ; 0.5 ; 0.333333 ; 0.333333 ; 0.333333 ; 0.181818 ; 0.333333 ; 0.181818 ; 0.333333 ; 0.333333 ; 0.333333 ; 0.333333 ; 0.5 ; 0.2 ; 0.333333 ; 0.333333 ; 0.333333 ; 0.333333 ; 0.333333 ; 1 ; 0.2 ; 0.333333 ; 0.2 ; 0.333333 ; 0.333333 ; 1 ; 0.333333 ; 0.333333 ; 0.333333 ; 0.333333 ; 0.2 ; 1 ; 0.333333 ; 0.333333 ; 0.333333 ; 1 ; 0.333333 ; 1 ; 0.333333 ; 0.333333 ; 0.333333 ; 0.333333 ; 0.333333 ; 0.333333 ; 0.333333 ; 0.333333 ; 0.333333
valeur bn:00079508n ; 0.333333 ; 0.2 ; 0.333333 ; 0.181818 ; 0.25 ; 0.0714286 ; 0.0714286 ; 0.25 ; 0.2 ; 0.333333 ; 0.333333 ; 0.333333 ; 0.2 ; 0.333333 ; 1 ; 0.333333 ; 0.2 ; 0.0625 ; 0.2 ; 0.5 ; 0.2 ; 0.333333 ; 1 ; 0.333333 ; 0.2 ; 0.142857 ; 1 ; 0.333333 ; 0.2 ; 0.333333 ; 0.333333 ; 0.333333 ; 0.181818 ; 1 ; 0.181818 ; 0.333333 ; 0.333333 ; 0.333333 ; 0.333333 ; 0.2 ; 0.5 ; 0.333333 ; 0.333333 ; 0.333333 ; 0.333333 ; 0.333333 ; 0.333333 ; 0.5 ; 1 ; 0.5 ; 0.333333 ; 0.333333 ; 0.333333 ; 0.333333 ; 1 ; 0.333333 ; 0.333333 ; 0.2 ; 0.333333 ; 0.333333 ; 0.333333 ; 0.333333 ; 0.333333 ; 1 ; 0.333333 ; 0.333333 ; 0.333333 ; 0.333333 ; 0.333333 ; 1 ; 1 ; 1 ; 0.333333 ; 0.333333
visiteur bn:03106425n ; 0.333333 ; 0.2 ; 0.333333 ; 0.0833333 ; 0.111111 ; 0.153846 ; 0.153846 ; 0.111111 ; 0.2 ; 0.333333 ; 0.333333 ; 0.333333 ; 0.2 ; 0.333333 ; 0.333333 ; 0.333333 ; 0.0909091 ; 0.133333 ; 0.5 ; 0.2 ; 0.5 ; 0.333333 ; 0.333333 ; 0.333333 ; 0.2 ; 0.142857 ; 0.333333 ; 0.333333 ; 0.5 ; 0.333333 ; 0.333333 ; 0.333333 ; 0.181818 ; 0.333333 ; 0.181818 ; 0.333333 ; 0.333333 ; 0.333333 ; 0.333333 ; 0.5 ; 0.2 ; 0.333333 ; 0.333333 ; 0.333333 ; 0.333333 ; 0.333333 ; 1 ; 0.2 ; 0.333333 ; 0.2 ; 0.333333 ; 0.333333 ; 1 ; 0.333333 ; 0.333333 ; 0.333333 ; 0.333333 ; 0.2 ; 1 ; 0.333333 ; 0.333333 ; 0.333333 ; 1 ; 0.333333 ; 1 ; 0.333333 ; 0.333333 ; 0.333333 ; 0.333333 ; 0.333333 ; 0.333333 ; 0.333333 ; 0.333333 ; 0.333333
composer bn:14766022n ; 0.333333 ; 0.2 ; 0.333333 ; 0.0833333 ; 0.25 ; 0.0714286 ; 0.0714286 ; 0.25 ; 0.2 ; 0.333333 ; 0.333333 ; 0.333333 ; 0.2 ; 0.333333 ; 0.333333 ; 0.333333 ; 0.0909091 ; 0.0625 ; 0.2 ; 0.2 ; 0.2 ; 0.333333 ; 0.333333 ; 0.333333 ; 0.2 ; 0.333333 ; 0.333333 ; 0.333333 ; 0.2 ; 0.333333 ; 0.333333 ; 0.333333 ; 0.0833333 ; 0.333333 ; 0.0833333 ; 0.333333 ; 0.333333 ; 0.333333 ; 0.333333 ; 0.2 ; 0.2 ; 0.333333 ; 0.333333 ; 0.333333 ; 0.333333 ; 0.333333 ; 0.333333 ; 0.2 ; 0.333333 ; 0.2 ; 0.333333 ; 0.333333 ; 0.333333 ; 1 ; 0.333333 ; 0.333333 ; 0.333333 ; 0.2 ; 0.333333 ; 1 ; 0.333333 ; 0.333333 ; 0.333333 ; 0.333333 ; 0.333333 ; 1 ; 1 ; 0.333333 ; 0.333333 ; 0.333333 ; 0.333333 ; 0.333333 ; 0.333333 ; 0.333333
doctype bn:15839327n ; 0.333333 ; 0.2 ; 0.333333 ; 0.0833333 ; 0.25 ; 0.0714286 ; 0.0714286 ; 0.25 ; 0.2 ; 0.333333 ; 0.333333 ; 0.333333 ; 0.2 ; 0.333333 ; 0.333333 ; 0.333333 ; 0.0909091 ; 0.0625 ; 0.2 ; 0.2 ; 0.2 ; 0.333333 ; 0.333333 ; 0.333333 ; 0.2 ; 0.333333 ; 0.333333 ; 0.333333 ; 0.2 ; 0.333333 ; 0.333333 ; 0.333333 ; 0.0833333 ; 0.333333 ; 0.0833333 ; 0.333333 ; 0.333333 ; 0.333333 ; 0.333333 ; 0.2 ; 0.2 ; 0.333333 ; 0.333333 ; 0.333333 ; 0.333333 ; 0.333333 ; 0.333333 ; 0.2 ; 0.333333 ; 0.2 ; 0.333333 ; 0.333333 ; 0.333333 ; 1 ; 0.333333 ; 0.333333 ; 0.333333 ; 0.2 ; 0.333333 ; 1 ; 0.333333 ; 0.333333 ; 0.333333 ; 0.333333 ; 0.333333 ; 1 ; 1 ; 0.333333 ; 0.333333 ; 0.333333 ; 0.333333 ; 0.333333 ; 0.333333 ; 0.333333
mysqli bn:01438356n ; 0.333333 ; 0.2 ; 0.333333 ; 0.0833333 ; 0.25 ; 0.153846 ; 0.153846 ; 0.25 ; 0.5 ; 0.333333 ; 0.333333 ; 0.333333 ; 0.2 ; 1 ; 0.333333 ; 0.333333 ; 0.2 ; 0.0625 ; 0.5 ; 0.2 ; 0.2 ; 0.333333 ; 0.333333 ; 0.333333 ; 0.2 ; 0.142857 ; 0.333333 ; 0.333333 ; 0.2 ; 0.333333 ; 1 ; 0.333333 ; 0.181818 ; 0.333333 ; 0.0833333 ; 0.333333 ; 0.333333 ; 0.333333 ; 0.333333 ; 0.2 ; 0.5 ; 0.333333 ; 0.333333 ; 0.333333 ; 0.333333 ; 1 ; 0.333333 ; 0.2 ; 0.333333 ; 0.2 ; 1 ; 1 ; 0.333333 ; 0.333333 ; 0.333333 ; 0.333333 ; 0.333333 ; 0.5 ; 0.333333 ; 0.333333 ; 0.333333 ; 0.333333 ; 0.333333 ; 0.333333 ; 0.333333 ; 0.333333 ; 0.333333 ; 1 ; 0.333333 ; 0.333333 ; 0.333333 ; 0.333333 ; 1 ; 1
null bn:15898583n ; 0.333333 ; 0.2 ; 0.333333 ; 0.0833333 ; 0.111111 ; 0.153846 ; 0.153846 ; 0.111111 ; 0.2 ; 0.333333 ; 0.333333 ; 0.333333 ; 0.2 ; 0.333333 ; 0.333333 ; 0.333333 ; 0.0909091 ; 0.133333 ; 0.2 ; 0.2 ; 0.2 ; 0.333333 ; 0.333333 ; 0.333333 ; 0.5 ; 0.142857 ; 0.333333 ; 0.333333 ; 0.2 ; 0.333333 ; 0.333333 ; 0.333333 ; 0.181818 ; 0.333333 ; 0.0833333 ; 0.333333 ; 0.333333 ; 0.333333 ; 0.333333 ; 0.2 ; 0.2 ; 0.333333 ; 0.333333 ; 0.333333 ; 0.333333 ; 0.333333 ; 0.333333 ; 0.2 ; 0.333333 ; 0.2 ; 0.333333 ; 0.333333 ; 0.333333 ; 0.333333 ; 0.333333 ; 0.333333 ; 0.333333 ; 0.2 ; 0.333333 ; 0.333333 ; 1 ; 1 ; 0.333333 ; 0.333333 ; 0.333333 ; 0.333333 ; 0.333333 ; 0.333333 ; 1 ; 0.333333 ; 0.333333 ; 0.333333 ; 0.333333 ; 0.333333
généralité bn:00041249n ; 0.333333 ; 0.2 ; 0.333333 ; 0.181818 ; 0.25 ; 0.0714286 ; 0.0714286 ; 0.25 ; 0.2 ; 0.333333 ; 0.333333 ; 0.333333 ; 0.2 ; 0.333333 ; 1 ; 0.333333 ; 0.2 ; 0.0625 ; 0.2 ; 0.5 ; 0.2 ; 0.333333 ; 1 ; 0.333333 ; 0.2 ; 0.142857 ; 1 ; 0.333333 ; 0.2 ; 0.333333 ; 0.333333 ; 0.333333 ; 0.181818 ; 1 ; 0.181818 ; 0.333333 ; 0.333333 ; 0.333333 ; 0.333333 ; 0.2 ; 0.5 ; 0.333333 ; 0.333333 ; 0.333333 ; 0.333333 ; 0.333333 ; 0.333333 ; 0.5 ; 1 ; 0.5 ; 0.333333 ; 0.333333 ; 0.333333 ; 0.333333 ; 1 ; 0.333333 ; 0.333333 ; 0.2 ; 0.333333 ; 0.333333 ; 0.333333 ; 0.333333 ; 0.333333 ; 1 ; 0.333333 ; 0.333333 ; 0.333333 ; 0.333333 ; 0.333333 ; 1 ; 1 ; 1 ; 0.333333 ; 0.333333
autre bn:00108013a ; 0.333333 ; 0.2 ; 0.333333 ; 0.181818 ; 0.25 ; 0.0714286 ; 0.0714286 ; 0.25 ; 0.2 ; 0.333333 ; 0.333333 ; 0.333333 ; 0.2 ; 0.333333 ; 1 ; 0.333333 ; 0.2 ; 0.0625 ; 0.2 ; 0.5 ; 0.2 ; 0.333333 ; 1 ; 0.333333 ; 0.2 ; 0.142857 ; 1 ; 0.333333 ; 0.2 ; 0.333333 ; 0.333333 ; 0.333333 ; 0.181818 ; 1 ; 0.181818 ; 0.333333 ; 0.333333 ; 0.333333 ; 0.333333 ; 0.2 ; 0.5 ; 0.333333 ; 0.333333 ; 0.333333 ; 0.333333 ; 0.333333 ; 0.333333 ; 0.5 ; 1 ; 0.5 ; 0.333333 ; 0.333333 ; 0.333333 ; 0.333333 ; 1 ; 0.333333 ; 0.333333 ; 0.2 ; 0.333333 ; 0.333333 ; 0.333333 ; 0.333333 ; 0.333333 ; 1 ; 0.333333 ; 0.333333 ; 0.333333 ; 0.333333 ; 0.333333 ; 1 ; 1 ; 1 ; 0.333333 ; 0.333333
avoir accès bn:00082209v ; 0.333333 ; 0.2 ; 0.333333 ; 0.181818 ; 0.25 ; 0.0714286 ; 0.0714286 ; 0.25 ; 0.2 ; 0.333333 ; 0.333333 ; 0.333333 ; 0.2 ; 0.333333 ; 1 ; 0.333333 ; 0.2 ; 0.0625 ; 0.2 ; 0.5 ; 0.2 ; 0.333333 ; 1 ; 0.333333 ; 0.2 ; 0.142857 ; 1 ; 0.333333 ; 0.2 ; 0.333333 ; 0.333333 ; 0.333333 ; 0.181818 ; 1 ; 0.181818 ; 0.333333 ; 0.333333 ; 0.333333 ; 0.333333 ; 0.2 ; 0.5 ; 0.333333 ; 0.333333 ; 0.333333 ; 0.333333 ; 0.333333 ; 0.333333 ; 0.5 ; 1 ; 0.5 ; 0.333333 ; 0.333333 ; 0.333333 ; 0.333333 ; 1 ; 0.333333 ; 0.333333 ; 0.2 ; 0.333333 ; 0.333333 ; 0.333333 ; 0.333333 ; 0.333333 ; 1 ; 0.333333 ; 0.333333 ; 0.333333 ; 0.333333 ; 0.333333 ; 1 ; 1 ; 1 ; 0.333333 ; 0.333333
bienvenue bn:00080852n ; 0.333333 ; 0.2 ; 0.333333 ; 0.0833333 ; 0.25 ; 0.153846 ; 0.153846 ; 0.25 ; 0.5 ; 0.333333 ; 0.333333 ; 0.333333 ; 0.2 ; 1 ; 0.333333 ; 0.333333 ; 0.2 ; 0.0625 ; 0.5 ; 0.2 ; 0.2 ; 0.333333 ; 0.333333 ; 0.333333 ; 0.2 ; 0.142857 ; 0.333333 ; 0.333333 ; 0.2 ; 0.333333 ; 1 ; 0.333333 ; 0.181818 ; 0.333333 ; 0.0833333 ; 0.333333 ; 0.333333 ; 0.333333 ; 0.333333 ; 0.2 ; 0.5 ; 0.333333 ; 0.333333 ; 0.333333 ; 0.333333 ; 1 ; 0.333333 ; 0.2 ; 0.333333 ; 0.2 ; 1 ; 1 ; 0.333333 ; 0.333333 ; 0.333333 ; 0.333333 ; 0.333333 ; 0.5 ; 0.333333 ; 0.333333 ; 0.333333 ; 0.333333 ; 0.333333 ; 0.333333 ; 0.333333 ; 0.333333 ; 0.333333 ; 1 ; 0.333333 ; 0.333333 ; 0.333333 ; 0.333333 ; 1 ; 1
paris bn:00015540n ; 0.333333 ; 0.2 ; 0.333333 ; 0.0833333 ; 0.25 ; 0.153846 ; 0.153846 ; 0.25 ; 0.5 ; 0.333333 ; 0.333333 ; 0.333333 ; 0.2 ; 1 ; 0.333333 ; 0.333333 ; 0.2 ; 0.0625 ; 0.5 ; 0.2 ; 0.2 ; 0.333333 ; 0.333333 ; 0.333333 ; 0.2 ; 0.142857 ; 0.333333 ; 0.333333 ; 0.2 ; 0.333333 ; 1 ; 0.333333 ; 0.181818 ; 0.333333 ; 0.0833333 ; 0.333333 ; 0.333333 ; 0.333333 ; 0.333333 ; 0.2 ; 0.5 ; 0.333333 ; 0.333333 ; 0.333333 ; 0.333333 ; 1 ; 0.333333 ; 0.2 ; 0.333333 ; 0.2 ; 1 ; 1 ; 0.333333 ; 0.333333 ; 0.333333 ; 0.333333 ; 0.333333 ; 0.5 ; 0.333333 ; 0.333333 ; 0.333333 ; 0.333333 ; 0.333333 ; 0.333333 ; 0.333333 ; 0.333333 ; 0.333333 ; 1 ; 0.333333 ; 0.333333 ; 0.333333 ; 0.333333 ; 1 ; 1
